order_number,order_line_number,product_code,quantity_ordered,price_each,sales
10121,5,S10_1678,34,81.35,2765.90
10134,2,S10_1678,41,94.74,3884.34
10180,9,S10_1678,29,86.13,2497.77
10188,1,S10_1678,48,100.00,5512.32
10211,14,S10_1678,41,100.00,4708.44
10223,1,S10_1678,37,100.00,3965.66
10275,1,S10_1678,45,92.83,4177.35
10299,9,S10_1678,23,100.00,2597.39
10309,5,S10_1678,41,100.00,4394.38
10341,9,S10_1678,41,100.00,7737.93
10361,13,S10_1678,20,72.55,1451.00
10375,12,S10_1678,21,34.91,733.11
10403,7,S10_1678,24,100.00,2434.56
10417,2,S10_1678,66,100.00,7516.08
10103,11,S10_1949,26,100.00,5404.62
10112,1,S10_1949,29,100.00,7209.11
10126,11,S10_1949,38,100.00,7329.06
10150,8,S10_1949,45,100.00,10993.50
10174,4,S10_1949,34,100.00,8014.82
10194,11,S10_1949,42,100.00,7290.36
10386,11,S24_1785,33,41.71,1376.43
10258,6,S10_1949,32,100.00,7680.64
10270,9,S10_1949,21,100.00,4905.39
10280,2,S10_1949,34,100.00,8014.82
10291,11,S10_1949,37,100.00,7136.19
10304,6,S10_1949,47,100.00,10172.70
10347,1,S10_1949,30,100.00,3944.70
10391,4,S10_1949,24,100.00,2416.56
10424,6,S10_1949,50,100.00,12001.00
10120,3,S10_2016,29,96.34,2793.86
10134,5,S10_2016,27,100.00,3307.77
10180,12,S10_2016,42,100.00,4695.60
10188,4,S10_2016,38,96.34,3660.92
10210,2,S10_2016,23,100.00,3009.09
10223,4,S10_2016,47,100.00,5422.39
10275,4,S10_2016,22,100.00,2904.44
10298,1,S10_2016,39,96.34,3757.26
10339,4,S10_2016,40,68.92,2756.80
10361,8,S10_2016,26,51.15,1329.90
10374,5,S10_2016,39,100.00,5288.01
10402,1,S10_2016,45,100.00,5833.80
10417,5,S10_2016,45,100.00,5887.35
10120,2,S10_4698,46,100.00,9264.86
10134,4,S10_4698,31,100.00,7023.98
10180,11,S10_4698,41,100.00,8892.90
10188,3,S10_4698,45,100.00,8714.70
10210,1,S10_4698,34,100.00,6123.40
10223,3,S10_4698,49,100.00,9774.03
10275,3,S10_4698,36,100.00,6901.92
10299,11,S10_4698,29,100.00,6683.34
10339,3,S10_4698,39,76.67,2990.13
10374,1,S10_4698,22,100.00,3834.38
10403,9,S10_4698,66,100.00,11886.60
10417,4,S10_4698,56,100.00,9218.16
10105,2,S10_4757,50,100.00,7208.00
10119,11,S10_4757,46,100.00,5004.80
10129,2,S10_4757,33,100.00,4398.24
10155,13,S10_4757,32,100.00,4526.08
10167,9,S10_4757,44,100.00,5924.16
10178,12,S10_4757,24,100.00,3492.48
10186,9,S10_4757,26,100.00,3854.24
10197,6,S10_4757,45,100.00,5324.40
10273,4,S10_4757,30,100.00,3508.80
10316,17,S10_4757,33,100.00,4128.96
10325,6,S10_4757,47,64.93,3051.71
10350,5,S10_4757,26,75.47,1962.22
10359,6,S10_4757,48,54.68,2624.64
10373,3,S10_4757,39,100.00,4046.25
10395,2,S10_4757,32,100.00,3370.56
10103,4,S10_4962,42,100.00,5398.26
10114,8,S10_4962,31,100.00,4305.28
10126,4,S10_4962,22,100.00,3347.74
10150,1,S10_4962,20,100.00,3191.20
10164,2,S10_4962,21,100.00,3536.82
10175,9,S10_4962,33,100.00,5362.83
10194,4,S10_4962,26,100.00,4263.74
10217,4,S10_4962,48,100.00,7020.48
10259,12,S10_4962,26,100.00,4033.38
10270,2,S10_4962,32,100.00,4302.08
10291,4,S10_4962,30,100.00,3855.90
10334,2,S10_4962,26,100.00,3188.12
10347,2,S10_4962,27,100.00,4428.00
10370,4,S10_4962,35,65.63,2297.05
10391,7,S10_4962,37,46.90,1735.30
10425,12,S10_4962,38,100.00,5894.94
10108,6,S12_1099,33,100.00,5265.15
10122,10,S12_1099,42,100.00,7599.90
10169,2,S12_1099,30,100.00,5019.90
10181,14,S12_1099,27,100.00,5411.07
10191,3,S12_1099,21,100.00,3840.90
10203,8,S12_1099,20,100.00,3930.40
10211,2,S12_1099,41,100.00,7498.90
10225,9,S12_1099,27,100.00,4517.91
10238,3,S12_1099,28,100.00,5774.72
10253,13,S12_1099,24,100.00,3922.56
10266,14,S12_1099,44,100.00,9160.36
10287,12,S12_1099,21,100.00,3432.24
10300,5,S12_1099,33,100.00,5521.89
10310,10,S12_1099,33,100.00,6934.62
10320,3,S12_1099,31,100.00,6876.11
10341,2,S12_1099,45,79.65,3584.25
10363,3,S12_1099,33,85.39,2817.87
10375,7,S12_1099,45,76.00,3420.00
10389,4,S12_1099,26,99.04,2575.04
10419,13,S12_1099,12,100.00,1961.28
10105,15,S12_1108,41,100.00,8690.36
10117,9,S12_1108,33,100.00,6034.38
10153,11,S12_1108,20,100.00,4904.00
10165,3,S12_1108,44,100.00,8594.52
10176,2,S12_1108,33,100.00,7474.50
10208,13,S12_1108,46,100.00,8602.92
10220,2,S12_1108,32,100.00,7181.44
10231,2,S12_1108,42,100.00,8378.58
10247,2,S12_1108,44,100.00,10606.20
10293,8,S12_1108,46,100.00,8411.56
10306,13,S12_1108,31,100.00,6570.76
10314,5,S12_1108,38,100.00,7975.44
10325,8,S12_1108,42,64.00,2688.00
10336,10,S12_1108,33,57.22,1888.26
10348,8,S12_1108,48,52.36,2513.28
10359,8,S12_1108,42,100.00,4764.48
10395,1,S12_1108,33,69.12,2280.96
10103,8,S12_1666,27,100.00,3394.98
10126,8,S12_1666,21,100.00,2439.57
10150,5,S12_1666,30,100.00,4100.10
10164,6,S12_1666,49,100.00,6563.06
10174,1,S12_1666,43,100.00,6817.22
10194,8,S12_1666,38,100.00,4933.92
10216,1,S12_1666,43,100.00,5759.42
10258,3,S12_1666,41,100.00,6668.24
10270,6,S12_1666,28,100.00,4094.72
10291,8,S12_1666,41,100.00,6387.80
10304,3,S12_1666,39,100.00,6396.00
10347,3,S12_1666,29,100.00,3586.43
10370,8,S12_1666,49,100.00,8470.14
10391,9,S12_1666,39,63.20,2464.80
10424,3,S12_1666,49,100.00,7969.36
10121,4,S12_2823,50,100.00,8284.00
10134,1,S12_2823,20,100.00,2711.20
10169,13,S12_2823,35,100.00,4639.25
10180,8,S12_2823,40,100.00,6747.60
10211,13,S12_2823,36,100.00,4771.80
10224,6,S12_2823,43,100.00,6087.94
10299,8,S12_2823,24,100.00,4157.04
10309,4,S12_2823,26,100.00,4660.24
10341,8,S12_2823,55,100.00,8118.55
10375,13,S12_2823,49,78.92,3867.08
10403,6,S12_2823,66,100.00,8648.64
10417,1,S12_2823,21,100.00,3447.78
10104,1,S12_3148,34,100.00,5958.50
10117,10,S12_3148,43,100.00,5911.64
10153,12,S12_3148,42,100.00,5393.64
10165,4,S12_3148,34,100.00,4880.02
10176,3,S12_3148,47,100.00,8378.69
10208,14,S12_3148,26,100.00,3142.36
10220,3,S12_3148,30,100.00,4713.60
10230,1,S12_3148,43,100.00,7016.31
10247,3,S12_3148,25,100.00,4381.25
10293,9,S12_3148,24,100.00,4242.24
10306,14,S12_3148,34,100.00,4982.70
10314,6,S12_3148,46,100.00,6393.54
10336,11,S12_3148,33,100.00,4059.33
10348,4,S12_3148,47,100.00,4801.52
10358,5,S12_3148,49,55.34,2711.66
10372,4,S12_3148,40,100.00,5862.00
10108,4,S12_3380,45,100.00,6130.35
10122,8,S12_3380,37,99.82,3693.34
10170,4,S12_3380,47,100.00,5464.69
10181,12,S12_3380,28,100.00,2860.76
10191,1,S12_3380,40,100.00,5590.00
10203,6,S12_3380,20,100.00,2254.80
10212,16,S12_3380,39,100.00,4946.76
10225,7,S12_3380,25,99.82,2495.50
10238,1,S12_3380,29,100.00,3167.38
10253,11,S12_3380,22,100.00,2402.84
10266,12,S12_3380,22,100.00,2454.54
10287,10,S12_3380,45,100.00,4756.50
10300,3,S12_3380,29,100.00,3984.60
10310,8,S12_3380,24,100.00,3100.32
10320,1,S12_3380,35,100.00,4850.30
10341,1,S12_3380,44,95.93,4220.92
10363,4,S12_3380,34,96.73,3288.82
10389,6,S12_3380,25,72.38,1809.50
10419,11,S12_3380,10,100.00,1092.20
10105,14,S12_3891,29,100.00,4566.05
10117,8,S12_3891,39,100.00,5938.14
10153,10,S12_3891,49,100.00,7036.89
10165,2,S12_3891,27,100.00,5559.03
10176,1,S12_3891,50,100.00,7872.50
10208,12,S12_3891,20,100.00,3114.40
10220,1,S12_3891,27,100.00,5045.22
10231,1,S12_3891,49,100.00,6952.12
10247,1,S12_3891,27,100.00,4157.73
10293,7,S12_3891,45,100.00,8253.00
10306,12,S12_3891,20,100.00,3633.40
10314,4,S12_3891,36,100.00,6913.80
10325,1,S12_3891,24,100.00,2583.60
10336,1,S12_3891,49,63.38,3105.62
10359,5,S12_3891,49,62.09,3042.41
10372,1,S12_3891,34,100.00,5941.50
10108,7,S12_3990,39,89.38,3485.82
10122,11,S12_3990,32,63.84,2042.88
10169,3,S12_3990,36,63.84,2298.24
10181,15,S12_3990,20,81.40,1628.00
10191,4,S12_3990,30,64.64,1939.20
10203,9,S12_3990,44,82.99,3651.56
10211,3,S12_3990,28,92.57,2591.96
10225,10,S12_3990,37,77.41,2864.17
10238,4,S12_3990,20,74.21,1484.20
10253,14,S12_3990,25,90.17,2254.25
10266,15,S12_3990,35,76.61,2681.35
10287,13,S12_3990,41,69.43,2846.63
10300,6,S12_3990,22,76.61,1685.42
10310,11,S12_3990,49,81.40,3988.60
10320,4,S12_3990,38,73.42,2789.96
10341,10,S12_3990,36,93.56,3368.16
10363,5,S12_3990,34,81.62,2775.08
10377,5,S12_3990,24,67.83,1627.92
10389,7,S12_3990,36,70.26,2529.36
10419,14,S12_3990,34,90.17,3065.78
10104,9,S12_4473,41,100.00,4615.78
10141,5,S12_4473,21,100.00,2140.11
10151,3,S12_4473,24,100.00,3327.60
10165,12,S12_4473,48,100.00,6825.60
10175,1,S12_4473,26,100.00,3543.28
10184,6,S12_4473,37,100.00,4516.22
10246,5,S12_4473,46,100.00,5069.66
10259,4,S12_4473,46,100.00,6541.20
10314,14,S12_4473,45,100.00,6185.70
10336,3,S12_4473,38,100.00,6372.60
10358,9,S12_4473,42,64.16,2694.72
10412,5,S12_4473,54,100.00,5951.34
10425,4,S12_4473,33,100.00,4692.60
10108,3,S12_4675,36,100.00,3731.04
10122,7,S12_4675,20,100.00,2142.00
10170,3,S12_4675,41,100.00,4391.10
10181,11,S12_4675,36,100.00,4477.32
10203,5,S12_4675,47,100.00,5195.85
10212,15,S12_4675,33,100.00,4180.44
10225,6,S12_4675,21,100.00,2684.43
10239,5,S12_4675,21,93.28,1958.88
10253,10,S12_4675,41,100.00,4910.57
10266,11,S12_4675,40,100.00,4468.40
10277,1,S12_4675,28,100.00,3127.88
10287,9,S12_4675,23,100.00,2675.13
10300,2,S12_4675,23,100.00,2807.61
10310,7,S12_4675,25,100.00,2504.75
10341,7,S12_4675,55,75.20,4136.00
10363,6,S12_4675,46,88.45,4068.70
10377,1,S12_4675,50,100.00,5182.00
10389,8,S12_4675,47,100.00,5243.79
10405,5,S12_4675,97,93.28,9048.16
10419,10,S12_4675,32,100.00,3832.64
10103,10,S18_1097,35,100.00,3920.00
10126,10,S18_1097,38,100.00,3857.00
10150,7,S18_1097,34,100.00,4641.00
10164,8,S18_1097,36,99.17,3570.12
10174,3,S18_1097,48,93.34,4480.32
10194,10,S18_1097,21,93.34,1960.14
10258,5,S18_1097,41,100.00,5453.00
10270,8,S18_1097,43,96.84,4164.12
10280,1,S18_1097,24,100.00,2800.08
10291,10,S18_1097,41,100.00,4687.94
10304,5,S18_1097,46,98.00,4508.00
10347,5,S18_1097,42,49.60,2083.20
10370,1,S18_1097,27,100.00,3911.49
10391,10,S18_1097,29,85.10,2467.90
10424,5,S18_1097,54,100.00,7182.00
10122,2,S18_1129,34,100.00,5004.80
10136,2,S18_1129,25,100.00,3644.75
10148,13,S18_1129,23,100.00,2702.04
10161,12,S18_1129,28,100.00,3764.88
10181,6,S18_1129,44,100.00,5418.16
10212,10,S18_1129,29,100.00,4186.73
10225,1,S18_1129,32,100.00,4529.28
10240,3,S18_1129,41,100.00,5628.89
10253,5,S18_1129,26,100.00,3054.48
10266,6,S18_1129,21,100.00,2526.51
10287,4,S18_1129,41,100.00,6499.32
10301,8,S18_1129,37,100.00,5917.78
10310,2,S18_1129,37,100.00,6231.91
10342,2,S18_1129,40,100.00,6454.40
10356,8,S18_1129,43,97.60,4196.80
10377,2,S18_1129,35,100.00,5895.05
10406,3,S18_1129,61,100.00,8374.69
10419,5,S18_1129,38,100.00,4464.24
10125,1,S18_1342,32,100.00,3254.72
10139,7,S18_1342,31,100.00,3184.94
10173,6,S18_1342,43,100.00,5036.16
10193,7,S18_1342,28,100.00,3106.88
10205,2,S18_1342,36,100.00,3735.72
10227,3,S18_1342,25,100.00,2953.75
10244,7,S18_1342,40,100.00,4684.80
10256,2,S18_1342,34,95.55,3248.70
10280,9,S18_1342,50,100.00,5239.50
10289,2,S18_1342,38,100.00,4567.98
10304,13,S18_1342,37,95.55,3535.35
10332,15,S18_1342,46,95.13,4375.98
10356,9,S18_1342,50,50.18,2509.00
10380,13,S18_1342,27,93.16,2515.32
10391,2,S18_1342,35,100.00,5548.90
10126,17,S18_1367,42,54.99,2309.58
10139,6,S18_1367,49,43.13,2113.37
10173,5,S18_1367,48,44.21,2122.08
10193,6,S18_1367,46,53.37,2455.02
10205,1,S18_1367,48,63.61,3053.28
10227,2,S18_1367,31,48.52,1504.12
10244,6,S18_1367,20,58.22,1164.40
10256,1,S18_1367,29,51.75,1500.75
10280,8,S18_1367,27,57.68,1557.36
10289,1,S18_1367,24,56.07,1345.68
10304,12,S18_1367,37,48.52,1795.24
10332,16,S18_1367,27,89.89,2427.03
10347,7,S18_1367,21,58.95,1237.95
10356,6,S18_1367,22,72.41,1593.02
10391,3,S18_1367,42,100.00,4998.00
10110,16,S18_1589,37,100.00,5433.08
10123,2,S18_1589,26,100.00,3073.72
10137,2,S18_1589,44,99.55,4380.20
10148,9,S18_1589,47,100.00,5848.68
10161,8,S18_1589,43,100.00,6153.73
10181,2,S18_1589,42,100.00,5435.64
10212,6,S18_1589,38,100.00,4492.36
10241,11,S18_1589,21,100.00,2508.66
10253,1,S18_1589,24,100.00,3374.88
10266,2,S18_1589,36,100.00,5196.60
10288,14,S18_1589,20,100.00,2936.80
10301,4,S18_1589,32,100.00,3424.64
10311,9,S18_1589,29,100.00,2923.20
10343,4,S18_1589,36,100.00,5848.92
10378,5,S18_1589,34,42.64,1449.76
10419,1,S18_1589,37,100.00,5202.94
10106,12,S18_1662,36,100.00,5279.40
10119,3,S18_1662,43,100.00,6916.12
10155,5,S18_1662,38,100.00,6531.44
10167,1,S18_1662,43,100.00,5763.72
10178,4,S18_1662,42,100.00,6490.68
10186,1,S18_1662,32,100.00,6004.80
10198,4,S18_1662,42,100.00,7483.98
10210,17,S18_1662,31,100.00,5719.50
10262,9,S18_1662,49,100.00,6567.96
10284,11,S18_1662,45,100.00,5747.85
10296,7,S18_1662,36,100.00,5676.84
10316,9,S18_1662,27,100.00,3704.13
10327,6,S18_1662,25,100.00,2804.75
10338,1,S18_1662,41,100.00,5624.79
10351,1,S18_1662,39,99.52,3881.28
10373,4,S18_1662,28,57.55,1611.40
10386,7,S18_1662,25,54.57,1364.25
10398,11,S18_1662,33,100.00,4215.09
10416,14,S18_1662,24,100.00,4352.16
10110,7,S18_1749,42,100.00,6069.00
10173,13,S18_1749,24,100.00,3508.80
10193,14,S18_1749,21,100.00,3141.60
10214,7,S18_1749,30,100.00,5967.00
10227,10,S18_1749,26,100.00,3712.80
10241,2,S18_1749,41,100.00,7597.30
10280,16,S18_1749,26,100.00,3668.60
10288,5,S18_1749,32,100.00,5875.20
10302,1,S18_1749,43,100.00,7310.00
10344,1,S18_1749,45,100.00,7650.00
10379,2,S18_1749,39,100.00,5399.55
10420,5,S18_1749,37,100.00,5283.60
10108,2,S18_1889,38,82.39,3130.82
10122,6,S18_1889,43,72.38,3112.34
10170,2,S18_1889,20,63.14,1262.80
10181,10,S18_1889,22,73.92,1626.24
10203,4,S18_1889,45,85.47,3846.15
10212,14,S18_1889,20,66.99,1339.80
10225,5,S18_1889,47,64.68,3039.96
10239,4,S18_1889,46,73.92,3400.32
10253,9,S18_1889,23,83.93,1930.39
10266,10,S18_1889,33,74.69,2464.77
10287,8,S18_1889,44,82.39,3625.16
10300,1,S18_1889,41,92.40,3788.40
10310,6,S18_1889,20,91.63,1832.60
10342,1,S18_1889,55,65.45,3599.75
10363,7,S18_1889,22,100.00,3686.54
10377,4,S18_1889,31,67.76,2100.56
10389,3,S18_1889,49,79.22,3881.78
10405,4,S18_1889,61,73.92,4509.12
10419,9,S18_1889,39,83.93,3273.27
10122,1,S18_1984,31,100.00,4100.99
10136,1,S18_1984,36,100.00,5274.72
10148,12,S18_1984,25,100.00,4232.00
10161,11,S18_1984,48,100.00,6145.44
10181,5,S18_1984,21,100.00,3286.08
10212,9,S18_1984,41,100.00,4840.87
10240,2,S18_1984,37,100.00,5526.32
10253,4,S18_1984,33,100.00,4459.62
10266,5,S18_1984,49,100.00,6203.40
10287,3,S18_1984,24,100.00,3516.48
10301,7,S18_1984,47,100.00,7488.04
10310,1,S18_1984,24,100.00,3448.08
10342,3,S18_1984,22,100.00,3160.74
10356,2,S18_1984,27,64.69,1746.63
10366,3,S18_1984,34,100.00,4207.84
10377,6,S18_1984,36,100.00,4352.76
10406,2,S18_1984,48,100.00,7169.28
10419,4,S18_1984,34,100.00,4594.76
10104,8,S18_2238,24,100.00,3457.92
10141,4,S18_2238,39,100.00,5938.53
10151,2,S18_2238,43,100.00,7110.91
10165,11,S18_2238,29,100.00,5032.95
10176,10,S18_2238,20,100.00,3667.60
10184,5,S18_2238,46,100.00,7381.16
10230,8,S18_2238,49,100.00,7300.51
10246,4,S18_2238,40,100.00,6549.20
10259,3,S18_2238,30,100.00,5697.90
10314,13,S18_2238,42,100.00,5776.26
10336,6,S18_2238,49,100.00,7460.74
10358,10,S18_2238,20,100.00,2428.00
10412,4,S18_2238,41,100.00,6712.93
10425,3,S18_2238,28,100.00,5318.04
10110,6,S18_2248,32,50.25,1608.00
10173,12,S18_2248,26,57.51,1495.26
10193,13,S18_2248,42,59.33,2491.86
10214,6,S18_2248,21,62.96,1322.16
10227,9,S18_2248,28,50.85,1423.80
10241,1,S18_2248,33,72.65,2397.45
10280,15,S18_2248,25,62.96,1574.00
10288,4,S18_2248,28,61.75,1729.00
10303,2,S18_2248,46,49.04,2255.84
10332,9,S18_2248,38,84.25,3201.50
10344,2,S18_2248,40,56.91,2276.40
10379,1,S18_2248,27,49.30,1331.10
10420,4,S18_2248,36,63.57,2288.52
10104,12,S18_2319,29,100.00,3772.61
10114,3,S18_2319,39,100.00,4164.42
10141,8,S18_2319,47,100.00,6287.66
10151,6,S18_2319,49,100.00,5412.54
10165,15,S18_2319,46,100.00,5984.14
10175,4,S18_2319,48,100.00,5891.04
10184,9,S18_2319,46,100.00,5984.14
10246,8,S18_2319,22,98.18,2159.96
10259,7,S18_2319,34,99.41,3379.94
10334,6,S18_2319,46,100.00,5814.86
10358,11,S18_2319,20,36.42,728.40
10370,5,S18_2319,22,100.00,3949.00
10383,11,S18_2319,27,100.00,3843.99
10412,8,S18_2319,56,98.18,5498.08
10425,7,S18_2319,38,99.41,3777.58
10101,4,S18_2325,25,100.00,3782.00
10110,4,S18_2325,33,100.00,3859.68
10173,10,S18_2325,31,100.00,4492.83
10193,11,S18_2325,44,100.00,4642.88
10214,4,S18_2325,27,100.00,3604.23
10227,7,S18_2325,46,100.00,7017.76
10280,13,S18_2325,37,100.00,4750.80
10288,2,S18_2325,31,100.00,3822.92
10304,17,S18_2325,24,100.00,2440.80
10332,8,S18_2325,35,64.69,2264.15
10344,3,S18_2325,30,100.00,3928.20
10356,3,S18_2325,29,100.00,3630.22
10380,10,S18_2325,40,100.00,4931.60
10409,2,S18_2325,6,100.00,785.64
10420,2,S18_2325,45,100.00,4977.00
10103,2,S18_2432,22,54.09,1189.98
10114,6,S18_2432,45,68.67,3090.15
10126,2,S18_2432,43,65.02,2795.86
10151,9,S18_2432,39,69.28,2701.92
10165,18,S18_2432,31,71.10,2204.10
10175,7,S18_2432,41,69.28,2840.48
10184,12,S18_2432,44,60.16,2647.04
10194,2,S18_2432,45,70.49,3172.05
10217,2,S18_2432,35,61.38,2148.30
10246,11,S18_2432,30,61.99,1859.70
10259,10,S18_2432,30,49.22,1476.60
10291,2,S18_2432,26,57.73,1500.98
10334,1,S18_2432,34,61.38,2086.92
10347,8,S18_2432,50,100.00,6834.50
10370,7,S18_2432,22,96.86,2130.92
10391,5,S18_2432,44,38.50,1694.00
10412,11,S18_2432,47,61.99,2913.53
10425,10,S18_2432,19,49.22,935.18
10106,2,S18_2581,34,90.39,3073.26
10120,8,S18_2581,29,71.81,2082.49
10133,3,S18_2581,49,69.27,3394.23
10210,7,S18_2581,50,76.88,3844.00
10223,9,S18_2581,47,100.00,4724.91
10275,9,S18_2581,35,90.39,3163.65
10284,1,S18_2581,31,71.81,2226.11
10297,4,S18_2581,25,82.79,2069.75
10327,8,S18_2581,45,100.00,4781.70
10339,2,S18_2581,27,100.00,2810.70
10374,2,S18_2581,42,69.27,2909.34
10386,18,S18_2581,21,74.77,1570.17
10398,15,S18_2581,34,76.88,2613.92
10416,4,S18_2581,15,98.84,1482.60
10120,4,S18_2625,46,58.15,2674.90
10134,6,S18_2625,30,61.78,1853.40
10180,13,S18_2625,25,64.20,1605.00
10188,5,S18_2625,32,65.42,2093.44
10210,3,S18_2625,40,49.67,1986.80
10223,5,S18_2625,28,60.57,1695.96
10275,5,S18_2625,37,63.60,2353.20
10298,2,S18_2625,32,48.46,1550.72
10339,1,S18_2625,30,62.16,1864.80
10374,4,S18_2625,22,53.30,1172.60
10389,5,S18_2625,39,100.00,6981.00
10402,2,S18_2625,55,55.72,3064.60
10417,6,S18_2625,36,61.18,2202.48
10101,1,S18_2795,26,100.00,3773.38
10110,1,S18_2795,31,100.00,5074.39
10125,2,S18_2795,34,100.00,6483.46
10139,8,S18_2795,41,100.00,7956.46
10173,7,S18_2795,22,100.00,3452.68
10193,8,S18_2795,22,100.00,3675.32
10205,3,S18_2795,40,100.00,7492.40
10214,1,S18_2795,50,100.00,9534.50
10227,4,S18_2795,29,100.00,5579.02
10244,8,S18_2795,43,100.00,5950.34
10255,1,S18_2795,24,100.00,3726.00
10280,10,S18_2795,22,100.00,4455.00
10289,3,S18_2795,43,100.00,8272.34
10304,14,S18_2795,20,100.00,3577.60
10332,1,S18_2795,24,52.67,1264.08
10347,6,S18_2795,21,100.00,4815.30
10356,1,S18_2795,30,100.00,4462.20
10380,8,S18_2795,21,47.18,990.78
10123,3,S18_2870,46,100.00,5161.20
10137,3,S18_2870,37,100.00,4346.76
10148,10,S18_2870,27,100.00,3528.36
10161,9,S18_2870,23,100.00,3187.80
10181,3,S18_2870,27,100.00,3884.76
10212,7,S18_2870,40,100.00,4910.40
10241,12,S18_2870,44,100.00,6853.44
10253,2,S18_2870,37,100.00,5177.04
10266,3,S18_2870,20,100.00,2824.80
10287,1,S18_2870,44,100.00,5052.96
10301,5,S18_2870,22,100.00,3223.44
10311,10,S18_2870,43,100.00,5278.68
10343,3,S18_2870,25,52.32,1308.00
10366,2,S18_2870,49,100.00,6144.60
10379,5,S18_2870,29,100.00,5127.20
10419,2,S18_2870,55,100.00,7695.60
10103,12,S18_2949,27,83.07,2242.89
10112,2,S18_2949,23,100.00,2539.89
10126,12,S18_2949,31,90.17,2795.27
10139,1,S18_2949,46,100.00,5545.76
10150,9,S18_2949,47,91.18,4285.46
10174,5,S18_2949,46,100.00,5592.22
10193,1,S18_2949,28,93.21,2609.88
10244,1,S18_2949,30,100.00,3525.60
10270,10,S18_2949,31,96.24,2983.44
10280,3,S18_2949,46,100.00,5126.24
10291,12,S18_2949,47,100.00,5713.79
10304,7,S18_2949,46,100.00,4613.80
10347,9,S18_2949,48,100.00,4814.40
10391,6,S18_2949,32,45.25,1448.00
10423,1,S18_2949,10,88.14,881.40
10103,14,S18_2957,35,57.46,2011.10
10126,14,S18_2957,46,73.70,3390.20
10139,3,S18_2957,20,71.20,1424.00
10150,11,S18_2957,30,49.97,1499.10
10173,2,S18_2957,28,53.72,1504.16
10193,3,S18_2957,24,51.84,1244.16
10244,3,S18_2957,24,58.09,1394.16
10269,1,S18_2957,32,63.08,2018.56
10280,5,S18_2957,43,68.71,2954.53
10291,14,S18_2957,37,50.59,1871.83
10304,9,S18_2957,24,64.96,1559.04
10332,17,S18_2957,26,100.00,2979.08
10347,10,S18_2957,34,64.96,2208.64
10392,3,S18_2957,37,59.96,2218.52
10423,3,S18_2957,31,53.72,1665.32
10106,18,S18_3029,41,83.44,3421.04
10119,9,S18_3029,21,89.46,1878.66
10155,11,S18_3029,44,79.14,3482.16
10167,7,S18_3029,46,73.12,3363.52
10178,10,S18_3029,41,81.72,3350.52
10186,7,S18_3029,32,89.46,2862.72
10197,4,S18_3029,46,87.74,4036.04
10262,15,S18_3029,32,84.30,2697.60
10273,2,S18_3029,34,98.06,3334.04
10296,13,S18_3029,21,96.34,2023.14
10316,15,S18_3029,21,94.62,1987.02
10327,5,S18_3029,25,45.86,1146.50
10338,3,S18_3029,28,82.58,2312.24
10350,6,S18_3029,43,64.97,2793.71
10373,5,S18_3029,22,86.74,1908.28
10386,5,S18_3029,37,93.01,3441.37
10398,18,S18_3029,28,72.26,2023.28
10103,13,S18_3136,25,100.00,2539.50
10126,13,S18_3136,30,97.39,2921.70
10139,2,S18_3136,20,90.06,1801.20
10150,10,S18_3136,26,100.00,2804.36
10173,1,S18_3136,31,89.01,2759.31
10193,2,S18_3136,23,100.00,2769.89
10244,2,S18_3136,29,100.00,3340.51
10270,11,S18_3136,38,100.00,4775.08
10280,4,S18_3136,29,100.00,3006.43
10291,13,S18_3136,23,100.00,2866.26
10304,8,S18_3136,26,85.87,2232.62
10332,18,S18_3136,40,39.80,1592.00
10347,11,S18_3136,45,100.00,4948.20
10392,2,S18_3136,29,86.92,2520.68
10423,2,S18_3136,21,84.82,1781.22
10105,11,S18_3140,22,100.00,3065.04
10117,5,S18_3140,26,100.00,3551.34
10128,2,S18_3140,41,100.00,5544.02
10153,7,S18_3140,31,100.00,3641.57
10177,9,S18_3140,23,100.00,3675.63
10208,9,S18_3140,24,100.00,2622.48
10221,3,S18_3140,33,100.00,4417.38
10232,6,S18_3140,22,100.00,3606.02
10273,13,S18_3140,40,100.00,5026.40
10293,4,S18_3140,24,100.00,2819.28
10306,9,S18_3140,32,100.00,3759.04
10314,1,S18_3140,20,100.00,2731.80
10325,9,S18_3140,24,69.12,1658.88
10336,12,S18_3140,48,100.00,5778.24
10350,1,S18_3140,44,100.00,5191.12
10372,3,S18_3140,28,100.00,3862.88
10383,9,S18_3140,24,61.52,1476.48
10104,13,S18_3232,23,100.00,4556.99
10114,4,S18_3232,48,100.00,8209.44
10122,3,S18_3232,25,100.00,3598.50
10136,3,S18_3232,41,100.00,8331.61
10141,9,S18_3232,34,100.00,4836.50
10148,14,S18_3232,32,100.00,5418.88
10151,7,S18_3232,21,100.00,3734.01
10165,16,S18_3232,47,100.00,8754.69
10175,5,S18_3232,29,100.00,4419.89
10181,7,S18_3232,45,100.00,6324.75
10184,10,S18_3232,28,100.00,4409.72
10203,1,S18_3232,48,100.00,8291.04
10212,11,S18_3232,40,100.00,5554.40
10225,2,S18_3232,43,100.00,6407.86
10239,1,S18_3232,47,100.00,7083.37
10246,9,S18_3232,36,100.00,7132.68
10253,6,S18_3232,40,100.00,6773.60
10259,8,S18_3232,27,100.00,3657.69
10266,7,S18_3232,29,100.00,4812.55
10287,5,S18_3232,36,100.00,5852.52
10301,9,S18_3232,23,100.00,4011.66
10310,3,S18_3232,48,100.00,8940.96
10334,3,S18_3232,20,100.00,2878.80
10342,4,S18_3232,30,100.00,5029.50
10358,12,S18_3232,32,93.49,2991.68
10366,1,S18_3232,34,100.00,6275.72
10370,9,S18_3232,27,56.85,1534.95
10377,3,S18_3232,39,100.00,7264.53
10383,6,S18_3232,47,100.00,6869.05
10394,5,S18_3232,22,100.00,3353.02
10405,1,S18_3232,55,100.00,8289.05
10412,9,S18_3232,60,100.00,11887.80
10419,6,S18_3232,35,100.00,5926.90
10425,8,S18_3232,28,100.00,3793.16
10105,13,S18_3259,38,100.00,4330.10
10117,7,S18_3259,21,95.80,2011.80
10128,4,S18_3259,41,100.00,4837.18
10153,9,S18_3259,29,88.74,2573.46
10165,1,S18_3259,50,100.00,5344.50
10177,11,S18_3259,29,100.00,3070.52
10208,11,S18_3259,48,100.00,5614.56
10221,5,S18_3259,23,80.67,1855.41
10232,8,S18_3259,48,95.80,4598.40
10273,15,S18_3259,47,100.00,5450.59
10293,6,S18_3259,22,100.00,2418.24
10306,11,S18_3259,40,91.76,3670.40
10314,3,S18_3259,23,100.00,2481.70
10326,6,S18_3259,32,100.00,3807.68
10336,7,S18_3259,21,100.00,2230.41
10350,2,S18_3259,41,93.04,3814.64
10372,5,S18_3259,25,84.71,2117.75
10383,12,S18_3259,26,100.00,3340.48
10108,9,S18_3278,26,68.35,1777.10
10122,13,S18_3278,21,73.17,1536.57
10169,5,S18_3278,32,70.76,2264.32
10181,17,S18_3278,30,82.82,2484.60
10191,6,S18_3278,36,94.88,3415.68
10203,11,S18_3278,33,86.04,2839.32
10211,5,S18_3278,35,78.00,2730.00
10225,12,S18_3278,37,95.69,3540.53
10238,6,S18_3278,41,73.17,2999.97
10252,2,S18_3278,20,76.39,1527.80
10265,2,S18_3278,45,86.84,3907.80
10287,15,S18_3278,43,70.76,3042.68
10300,8,S18_3278,49,78.80,3861.20
10310,13,S18_3278,27,80.41,2171.07
10342,5,S18_3278,25,66.74,1668.50
10363,10,S18_3278,46,60.30,2773.80
10378,4,S18_3278,22,100.00,2464.00
10103,16,S18_3320,46,100.00,4791.82
10126,16,S18_3320,38,82.34,3128.92
10139,5,S18_3320,30,100.00,3095.40
10173,4,S18_3320,29,95.24,2761.96
10193,5,S18_3320,32,79.37,2539.84
10227,1,S18_3320,33,100.00,3666.96
10244,5,S18_3320,36,84.33,3035.88
10280,7,S18_3320,34,100.00,3474.46
10304,11,S18_3320,38,100.00,3958.46
10323,2,S18_3320,33,91.27,3011.91
10347,12,S18_3320,26,100.00,2656.94
10392,1,S18_3320,36,100.00,4035.96
10423,5,S18_3320,21,89.29,1875.09
10108,8,S18_3482,29,100.00,4049.56
10122,12,S18_3482,21,100.00,2469.39
10169,4,S18_3482,36,100.00,4444.92
10181,16,S18_3482,22,100.00,3395.48
10191,5,S18_3482,23,100.00,3414.58
10203,10,S18_3482,32,100.00,5127.04
10211,4,S18_3482,28,100.00,3745.28
10225,11,S18_3482,27,100.00,4564.08
10238,5,S18_3482,49,100.00,6554.24
10252,1,S18_3482,41,100.00,6749.83
10265,1,S18_3482,49,100.00,8427.02
10287,14,S18_3482,40,100.00,6761.60
10300,7,S18_3482,23,100.00,3786.49
10310,12,S18_3482,49,100.00,6266.12
10320,5,S18_3482,25,100.00,3491.00
10330,3,S18_3482,37,100.00,4405.22
10342,7,S18_3482,55,100.00,6548.30
10355,7,S18_3482,23,100.00,3177.91
10363,11,S18_3482,24,100.00,4142.64
10378,10,S18_3482,43,96.49,4149.07
10123,4,S18_3685,34,100.00,5331.88
10137,4,S18_3685,31,100.00,5124.30
10148,11,S18_3685,28,100.00,3639.44
10161,10,S18_3685,36,100.00,5544.00
10181,4,S18_3685,39,100.00,5785.26
10212,8,S18_3685,45,100.00,6357.60
10240,1,S18_3685,37,100.00,5959.22
10253,3,S18_3685,31,100.00,4029.38
10266,4,S18_3685,33,100.00,5035.14
10287,2,S18_3685,27,100.00,4310.55
10301,6,S18_3685,39,100.00,6446.70
10311,11,S18_3685,32,100.00,3616.64
10343,2,S18_3685,44,84.88,3734.72
10379,4,S18_3685,32,70.83,2266.56
10406,1,S18_3685,65,100.00,10468.90
10419,3,S18_3685,43,100.00,5589.14
10108,12,S18_3782,43,67.77,2914.11
10122,16,S18_3782,35,49.74,1740.90
10169,8,S18_3782,38,68.39,2598.82
10180,3,S18_3782,21,50.36,1057.56
10191,9,S18_3782,43,72.74,3127.82
10211,8,S18_3782,46,54.09,2488.14
10224,1,S18_3782,38,58.44,2220.72
10252,5,S18_3782,31,52.84,1638.04
10286,1,S18_3782,38,57.20,2173.60
10299,3,S18_3782,39,55.95,2182.05
10310,16,S18_3782,42,67.14,2819.88
10330,2,S18_3782,29,69.63,2019.27
10342,8,S18_3782,26,55.95,1454.70
10355,1,S18_3782,31,53.47,1657.57
10363,12,S18_3782,32,89.12,2851.84
10378,9,S18_3782,28,100.00,4609.64
10403,1,S18_3782,36,52.22,1879.92
10106,17,S18_3856,41,100.00,4774.86
10119,8,S18_3856,27,99.52,2687.04
10155,10,S18_3856,29,100.00,3622.97
10167,6,S18_3856,34,100.00,3599.58
10146,2,S18_3782,47,67.14,3155.58
10178,9,S18_3856,48,100.00,5386.56
10186,6,S18_3856,46,100.00,4918.78
10197,3,S18_3856,22,100.00,2538.80
10262,14,S18_3856,34,100.00,4103.46
10273,1,S18_3856,50,85.75,4287.50
10296,12,S18_3856,22,84.70,1863.40
10316,14,S18_3856,47,86.81,4080.07
10328,6,S18_3856,34,100.00,3815.48
10338,2,S18_3856,45,100.00,5526.45
10351,2,S18_3856,20,100.00,3374.60
10373,6,S18_3856,50,60.49,3024.50
10386,6,S18_3856,22,57.55,1266.10
10398,17,S18_3856,45,100.00,4811.85
10415,5,S18_3856,51,100.00,6209.25
10104,3,S18_4027,38,100.00,5348.50
10117,12,S18_4027,22,100.00,2780.58
10152,1,S18_4027,35,100.00,4524.10
10165,6,S18_4027,28,100.00,3337.60
10176,5,S18_4027,36,100.00,5532.12
10220,5,S18_4027,50,100.00,8258.00
10230,3,S18_4027,42,100.00,7238.28
10247,5,S18_4027,48,100.00,6756.00
10400,6,S18_3856,58,100.00,7307.42
10306,16,S18_4027,23,100.00,3600.65
10314,8,S18_4027,29,100.00,4206.74
10358,13,S18_4027,25,100.00,2528.25
10372,6,S18_4027,48,100.00,7031.52
10383,1,S18_4027,38,100.00,5340.90
10394,1,S18_4027,37,100.00,6376.58
10110,8,S18_4409,28,89.27,2499.56
10148,1,S18_4409,34,100.00,3598.22
10173,14,S18_4409,21,75.46,1584.66
10193,15,S18_4409,24,97.55,2341.20
10213,1,S18_4409,38,94.79,3602.02
10227,11,S18_4409,34,100.00,3566.94
10241,3,S18_4409,42,90.19,3787.98
10280,17,S18_4409,35,100.00,3704.05
10288,6,S18_4409,35,80.99,2834.65
10302,2,S18_4409,38,89.27,3392.26
10311,1,S18_4409,41,81.91,3358.31
10332,2,S18_4409,50,100.00,7310.00
10344,4,S18_4409,21,100.00,2203.11
10380,1,S18_4409,32,100.00,3376.64
10420,6,S18_4409,66,92.95,6134.70
10105,10,S18_4522,41,82.50,3382.50
10117,4,S18_4522,23,97.42,2240.66
10128,1,S18_4522,43,92.16,3962.88
10153,6,S18_4522,22,83.38,1834.36
10177,8,S18_4522,35,74.60,2611.00
10197,14,S18_4522,50,100.00,5090.50
10208,8,S18_4522,45,87.77,3949.65
10221,2,S18_4522,39,89.53,3491.67
10232,5,S18_4522,23,89.53,2059.19
10273,12,S18_4522,33,71.09,2345.97
10293,3,S18_4522,49,100.00,4946.06
10306,8,S18_4522,39,90.40,3525.60
10315,7,S18_4522,36,100.00,3602.16
10326,5,S18_4522,50,86.01,4300.50
10350,3,S18_4522,30,100.00,3023.10
10372,7,S18_4522,41,86.89,3562.49
10383,7,S18_4522,28,58.58,1640.24
10103,5,S18_4600,36,100.00,4228.20
10114,9,S18_4600,41,100.00,4815.45
10126,5,S18_4600,50,100.00,7083.00
10150,2,S18_4600,49,100.00,6467.02
10164,3,S18_4600,45,100.00,5012.55
10175,10,S18_4600,47,100.00,5121.59
10194,5,S18_4600,32,100.00,4262.08
10217,5,S18_4600,38,100.00,4509.08
10259,13,S18_4600,41,100.00,4666.62
10270,3,S18_4600,38,100.00,5383.08
10291,5,S18_4600,48,100.00,5288.64
10323,1,S18_4600,47,100.00,6203.06
10334,4,S18_4600,49,100.00,6763.47
10347,4,S18_4600,45,100.00,5884.65
10370,6,S18_4600,29,57.53,1668.37
10425,13,S18_4600,38,100.00,4325.16
10103,9,S18_4668,41,47.29,1938.89
10126,9,S18_4668,43,53.83,2314.69
10150,6,S18_4668,30,42.76,1282.80
10164,7,S18_4668,25,53.83,1345.75
10174,2,S18_4668,49,44.78,2194.22
10194,9,S18_4668,41,44.78,1835.98
10258,4,S18_4668,21,59.87,1257.27
10270,7,S18_4668,44,58.36,2567.84
10291,9,S18_4668,29,51.82,1502.78
10304,4,S18_4668,34,49.30,1676.20
10348,6,S18_4668,29,100.00,7110.80
10358,8,S18_4668,30,100.00,5302.80
10370,2,S18_4668,20,100.00,2730.00
10424,4,S18_4668,26,59.87,1556.62
10108,11,S18_4721,44,100.00,5565.12
10122,15,S18_4721,28,100.00,3583.16
10169,7,S18_4721,33,100.00,4910.40
10180,2,S18_4721,44,100.00,5565.12
10191,8,S18_4721,32,100.00,4237.76
10211,7,S18_4721,41,100.00,5673.58
10225,14,S18_4721,35,100.00,5260.15
10238,8,S18_4721,44,100.00,6350.96
10252,4,S18_4721,26,100.00,3559.40
10287,17,S18_4721,34,100.00,4300.32
10299,2,S18_4721,49,100.00,7947.31
10310,15,S18_4721,40,100.00,5356.80
10330,4,S18_4721,50,100.00,6101.00
10342,11,S18_4721,38,100.00,6276.46
10355,2,S18_4721,25,100.00,4203.50
10363,13,S18_4721,28,58.18,1629.04
10378,8,S18_4721,49,67.14,3289.86
10110,9,S18_4933,42,61.29,2574.18
10148,2,S18_4933,29,81.25,2356.25
10161,1,S18_4933,25,80.54,2013.50
10173,15,S18_4933,39,71.98,2807.22
10193,16,S18_4933,25,76.26,1906.50
10213,2,S18_4933,25,83.39,2084.75
10227,12,S18_4933,37,57.73,2136.01
10241,4,S18_4933,30,66.99,2009.70
10279,1,S18_4933,26,60.58,1575.08
10288,7,S18_4933,23,73.41,1688.43
10302,3,S18_4933,23,72.70,1672.10
10311,2,S18_4933,25,66.99,1674.75
10332,3,S18_4933,21,100.00,3472.98
10344,5,S18_4933,26,63.43,1649.18
10380,2,S18_4933,24,100.00,4536.00
10420,7,S18_4933,36,57.73,2078.28
10110,13,S24_1046,36,85.25,3069.00
10148,6,S24_1046,25,60.26,1506.50
10161,5,S24_1046,37,72.76,2692.12
10212,3,S24_1046,41,82.31,3374.71
10241,8,S24_1046,22,76.43,1681.46
10279,5,S24_1046,32,74.96,2398.72
10288,11,S24_1046,36,66.14,2381.04
10301,1,S24_1046,27,72.02,1944.54
10311,6,S24_1046,26,87.45,2273.70
10332,4,S24_1046,23,56.84,1307.32
10344,7,S24_1046,29,59.53,1726.37
10380,3,S24_1046,34,100.00,3441.82
10420,11,S24_1046,60,64.67,3880.20
10104,6,S24_1444,35,55.49,1942.15
10141,2,S24_1444,20,54.33,1086.60
10152,4,S24_1444,25,65.31,1632.75
10165,9,S24_1444,25,69.36,1734.00
10176,8,S24_1444,27,68.78,1857.06
10184,3,S24_1444,31,60.11,1863.41
10220,8,S24_1444,26,56.07,1457.82
10230,6,S24_1444,36,54.33,1955.88
10246,2,S24_1444,44,52.60,2314.40
10259,1,S24_1444,28,46.82,1310.96
10314,11,S24_1444,44,53.18,2339.92
10336,4,S24_1444,45,100.00,5972.40
10358,14,S24_1444,44,60.76,2673.44
10383,2,S24_1444,22,91.76,2018.72
10394,2,S24_1444,31,50.29,1558.99
10412,2,S24_1444,21,52.60,1104.60
10425,1,S24_1444,55,46.82,2575.10
10120,1,S24_1578,35,98.05,3431.75
10134,3,S24_1578,35,93.54,3273.90
10180,10,S24_1578,48,100.00,5355.36
10188,2,S24_1578,25,100.00,2535.75
10211,15,S24_1578,25,90.16,2254.00
10223,2,S24_1578,32,91.29,2921.28
10275,2,S24_1578,21,100.00,2153.76
10299,10,S24_1578,47,100.00,5455.76
10309,6,S24_1578,21,100.00,2650.62
10339,10,S24_1578,27,84.39,2278.53
10374,6,S24_1578,38,100.00,4197.10
10389,1,S24_1578,45,100.00,4597.65
10403,8,S24_1578,46,100.00,5287.70
10417,3,S24_1578,35,100.00,3550.05
10110,15,S24_1628,29,59.37,1721.73
10123,1,S24_1628,50,59.87,2993.50
10137,1,S24_1628,26,49.81,1295.06
10148,8,S24_1628,47,56.85,2671.95
10161,7,S24_1628,23,53.33,1226.59
10181,1,S24_1628,34,53.83,1830.22
10212,5,S24_1628,45,53.33,2399.85
10241,10,S24_1628,21,40.25,845.25
10266,1,S24_1628,28,48.30,1352.40
10288,13,S24_1628,50,52.32,2616.00
10301,3,S24_1628,22,51.32,1129.04
10311,8,S24_1628,45,49.30,2218.50
10332,5,S24_1628,20,87.96,1759.20
10343,6,S24_1628,27,36.21,977.67
10379,3,S24_1628,32,100.00,3970.56
10420,13,S24_1628,37,60.37,2233.69
10106,4,S24_1785,28,88.63,2481.64
10120,10,S24_1785,39,100.00,4651.53
10133,5,S24_1785,41,94.10,3858.10
10210,9,S24_1785,27,98.48,2658.96
10223,11,S24_1785,34,100.00,3608.76
10262,1,S24_1785,34,97.38,3310.92
10275,11,S24_1785,25,95.20,2380.00
10284,3,S24_1785,22,100.00,2310.88
10297,6,S24_1785,32,100.00,4061.76
10316,1,S24_1785,25,100.00,2872.25
10328,14,S24_1785,47,87.54,4114.38
10339,7,S24_1785,21,50.65,1063.65
10374,3,S24_1785,46,94.10,4328.60
10398,16,S24_1785,43,100.00,5552.16
10416,6,S24_1785,47,88.63,4165.61
10101,3,S24_1937,45,31.20,1404.00
10110,3,S24_1937,20,35.51,710.20
10173,9,S24_1937,31,31.53,977.43
10193,10,S24_1937,26,29.21,759.46
10205,5,S24_1937,32,37.17,1189.44
10214,3,S24_1937,20,34.19,683.80
10227,6,S24_1937,42,29.21,1226.82
10280,12,S24_1937,20,28.88,577.60
10288,1,S24_1937,29,38.17,1106.93
10304,16,S24_1937,23,30.20,694.60
10332,6,S24_1937,45,81.91,3685.95
10344,6,S24_1937,20,35.18,703.60
10356,5,S24_1937,48,100.00,9720.00
10380,4,S24_1937,32,70.56,2257.92
10391,8,S24_1937,33,100.00,8344.71
10409,1,S24_1937,61,29.54,1801.94
10420,1,S24_1937,45,26.88,1209.60
10120,5,S24_2000,34,83.79,2848.86
10134,7,S24_2000,43,83.03,3570.29
10158,1,S24_2000,22,67.03,1474.66
10180,14,S24_2000,28,68.55,1919.40
10188,6,S24_2000,40,91.40,3656.00
10210,4,S24_2000,30,61.70,1851.00
10223,6,S24_2000,38,69.31,2633.78
10275,6,S24_2000,30,79.98,2399.40
10297,1,S24_2000,32,65.51,2096.32
10340,8,S24_2000,55,79.98,4398.90
10363,8,S24_2000,21,100.00,3595.62
10375,9,S24_2000,23,100.00,2443.29
10389,2,S24_2000,49,81.40,3988.60
10402,3,S24_2000,59,87.60,5168.40
10416,1,S24_2000,32,87.60,2803.20
10105,9,S24_2011,43,100.00,6341.21
10117,3,S24_2011,41,100.00,5189.78
10129,9,S24_2011,45,100.00,6027.75
10153,5,S24_2011,40,100.00,5456.40
10167,16,S24_2011,33,100.00,3812.16
10177,7,S24_2011,50,100.00,6083.00
10197,13,S24_2011,41,100.00,4534.60
10208,7,S24_2011,35,100.00,4301.15
10221,1,S24_2011,49,100.00,6804.63
10232,4,S24_2011,46,100.00,5652.94
10273,11,S24_2011,22,100.00,2784.76
10293,2,S24_2011,21,100.00,2941.89
10306,7,S24_2011,29,100.00,3207.40
10315,6,S24_2011,35,100.00,4215.05
10326,4,S24_2011,41,100.00,4333.29
10350,7,S24_2011,34,50.33,1711.22
10372,8,S24_2011,37,100.00,3910.53
10101,2,S24_2022,46,53.76,2472.96
10110,2,S24_2022,39,44.35,1729.65
10173,8,S24_2022,27,41.22,1112.94
10193,9,S24_2022,20,50.62,1012.40
10205,4,S24_2022,24,38.08,913.92
10214,2,S24_2022,49,47.94,2349.06
10227,5,S24_2022,24,48.38,1161.12
10244,9,S24_2022,39,45.25,1764.75
10255,2,S24_2022,37,45.70,1690.90
10280,11,S24_2022,45,47.49,2137.05
10289,4,S24_2022,45,48.38,2177.10
10304,15,S24_2022,44,39.42,1734.48
10332,10,S24_2022,26,85.52,2223.52
10345,1,S24_2022,43,53.76,2311.68
10356,7,S24_2022,26,31.86,828.36
10380,5,S24_2022,27,68.35,1845.45
10391,1,S24_2022,24,100.00,4042.08
10103,1,S24_2300,36,100.00,3680.28
10337,4,S24_2011,29,71.97,2087.13
10114,5,S24_2300,21,100.00,2925.09
10126,1,S24_2300,27,100.00,3415.77
10151,8,S24_2300,42,100.00,5098.80
10165,17,S24_2300,32,100.00,4661.76
10175,6,S24_2300,28,100.00,2969.96
10184,11,S24_2300,24,100.00,3496.32
10194,1,S24_2300,49,100.00,5760.93
10217,1,S24_2300,28,100.00,3148.88
10246,10,S24_2300,29,100.00,3520.60
10259,9,S24_2300,47,100.00,5285.62
10291,1,S24_2300,48,100.00,5398.08
10334,5,S24_2300,42,100.00,5528.04
10348,1,S24_2300,37,100.00,5981.42
10358,7,S24_2300,41,100.00,5684.65
10412,10,S24_2300,70,100.00,8498.00
10425,9,S24_2300,49,100.00,5510.54
10108,15,S24_2360,35,58.87,2060.45
10121,2,S24_2360,32,76.88,2460.16
10169,11,S24_2360,38,74.11,2816.18
10180,6,S24_2360,35,72.03,2521.05
10190,3,S24_2360,42,76.19,3199.98
10211,11,S24_2360,21,63.72,1338.12
10224,4,S24_2360,37,80.34,2972.58
10252,8,S24_2360,47,65.80,3092.60
10299,6,S24_2360,33,66.49,2194.17
10309,2,S24_2360,24,56.10,1346.40
10330,1,S24_2360,42,81.03,3403.26
10341,6,S24_2360,32,100.00,3307.20
10355,3,S24_2360,41,70.65,2896.65
10363,14,S24_2360,43,61.23,2632.89
10375,14,S24_2360,20,100.00,2046.00
10403,4,S24_2360,27,79.65,2150.55
10110,11,S24_2766,43,78.15,3360.45
10148,4,S24_2766,21,73.60,1545.60
10161,3,S24_2766,20,100.00,2144.60
10212,1,S24_2766,45,88.14,3966.30
10227,14,S24_2766,47,88.14,4142.58
10241,6,S24_2766,47,94.50,4441.50
10279,3,S24_2766,49,79.97,3918.53
10288,9,S24_2766,35,80.87,2830.45
10302,5,S24_2766,49,100.00,5298.86
10311,4,S24_2766,28,93.60,2620.80
10332,7,S24_2766,39,86.72,3382.08
10380,6,S24_2766,36,37.50,1350.00
10420,9,S24_2766,39,100.00,3933.93
10104,10,S24_2840,44,39.60,1742.40
10114,1,S24_2840,24,30.06,721.44
10141,6,S24_2840,21,42.43,891.03
10151,4,S24_2840,30,40.31,1209.30
10165,13,S24_2840,27,31.82,859.14
10175,2,S24_2840,37,31.12,1151.44
10184,7,S24_2840,42,31.82,1336.44
10246,6,S24_2840,49,36.07,1767.43
10259,5,S24_2840,31,33.24,1030.44
10314,15,S24_2840,39,37.13,1448.07
10358,4,S24_2840,36,82.94,2985.84
10383,3,S24_2840,40,100.00,6089.60
10394,6,S24_2840,46,38.90,1789.40
10412,6,S24_2840,30,36.07,1082.10
10425,5,S24_2840,31,33.24,1030.44
10106,13,S24_2841,49,74.68,3659.32
10119,4,S24_2841,41,59.60,2443.60
10155,6,S24_2841,23,72.62,1670.26
10167,2,S24_2841,21,69.88,1467.48
10178,5,S24_2841,34,80.84,2748.56
10186,2,S24_2841,22,69.20,1522.40
10198,5,S24_2841,48,67.82,3255.36
10262,10,S24_2841,24,67.14,1611.36
10284,12,S24_2841,30,73.99,2219.70
10296,8,S24_2841,21,71.25,1496.25
10316,10,S24_2841,34,63.71,2166.14
10328,1,S24_2841,48,58.92,2828.16
10339,12,S24_2841,55,100.00,6214.45
10351,5,S24_2841,25,74.68,1867.00
10373,7,S24_2841,38,70.44,2676.72
10386,1,S24_2841,39,55.96,2182.44
10398,3,S24_2841,28,57.55,1611.40
10415,1,S24_2841,21,67.82,1424.22
10110,10,S24_2887,46,100.00,5942.28
10148,3,S24_2887,34,100.00,4392.12
10161,2,S24_2887,25,100.00,2759.75
10173,16,S24_2887,23,100.00,2728.03
10213,3,S24_2887,27,100.00,2790.45
10227,13,S24_2887,33,100.00,4340.49
10241,5,S24_2887,28,98.65,2762.20
10279,2,S24_2887,48,100.00,5580.96
10288,8,S24_2887,48,100.00,6539.04
10302,4,S24_2887,45,100.00,5548.95
10311,3,S24_2887,43,100.00,4595.41
10332,11,S24_2887,44,42.26,1859.44
10380,7,S24_2887,44,36.29,1596.76
10420,8,S24_2887,55,96.30,5296.50
10122,4,S24_2972,39,30.96,1207.44
10181,8,S24_2972,37,42.67,1578.79
10203,2,S24_2972,21,37.00,777.00
10212,12,S24_2972,34,43.42,1476.28
10225,3,S24_2972,42,36.63,1538.46
10239,2,S24_2972,20,44.56,891.20
10253,7,S24_2972,40,42.67,1706.80
10266,8,S24_2972,34,40.40,1373.60
10287,6,S24_2972,36,39.65,1427.40
10301,10,S24_2972,48,34.36,1649.28
10310,4,S24_2972,33,41.91,1383.03
10342,9,S24_2972,39,40.40,1575.60
10355,4,S24_2972,36,38.52,1386.72
10378,7,S24_2972,41,100.00,5856.85
10405,2,S24_2972,47,44.56,2094.32
10419,7,S24_2972,15,42.67,640.05
10105,4,S24_3151,44,72.58,3193.52
10119,13,S24_3151,35,87.62,3066.70
10129,4,S24_3151,41,94.71,3883.11
10167,11,S24_3151,20,79.66,1593.20
10177,2,S24_3151,45,72.58,3266.10
10197,8,S24_3151,47,83.20,3910.40
10208,2,S24_3151,20,89.40,1788.00
10273,6,S24_3151,27,100.00,2796.12
10306,2,S24_3151,31,84.08,2606.48
10315,1,S24_3151,24,86.74,2081.76
10326,3,S24_3151,41,85.85,3519.85
10339,13,S24_3151,55,100.00,10758.00
10350,9,S24_3151,30,100.00,3021.00
10373,12,S24_3151,33,57.32,1891.56
10110,12,S24_3191,27,73.62,1987.74
10148,5,S24_3191,31,73.62,2282.22
10161,4,S24_3191,20,77.05,1541.00
10212,2,S24_3191,27,79.62,2149.74
10227,15,S24_3191,40,79.62,3184.80
10241,7,S24_3191,26,81.33,2114.58
10279,4,S24_3191,33,71.06,2344.98
10288,10,S24_3191,34,68.49,2328.66
10302,6,S24_3191,48,74.48,3575.04
10311,5,S24_3191,25,83.04,2076.00
10332,12,S24_3191,45,34.19,1538.55
10380,9,S24_3191,44,79.06,3478.64
10420,10,S24_3191,35,96.74,3385.90
10108,5,S24_3371,30,63.07,1892.10
10122,9,S24_3371,34,50.21,1707.14
10169,1,S24_3371,34,50.21,1707.14
10181,13,S24_3371,23,65.52,1506.96
10191,2,S24_3371,48,60.01,2880.48
10203,7,S24_3371,34,64.90,2206.60
10211,1,S24_3371,48,48.98,2351.04
10225,8,S24_3371,24,50.21,1205.04
10238,2,S24_3371,47,62.45,2935.15
10253,12,S24_3371,24,52.66,1263.84
10266,13,S24_3371,47,62.45,2935.15
10287,11,S24_3371,20,67.97,1359.40
10300,4,S24_3371,31,58.78,1822.18
10310,9,S24_3371,38,56.94,2163.72
10320,2,S24_3371,26,61.23,1591.98
10342,10,S24_3371,48,62.45,2997.60
10355,6,S24_3371,44,62.45,2747.80
10363,15,S24_3371,21,100.00,2447.76
10378,6,S24_3371,46,41.54,1910.84
10419,12,S24_3371,55,52.66,2896.30
10106,14,S24_3420,31,52.60,1630.60
10119,5,S24_3420,20,72.98,1459.60
10155,7,S24_3420,34,55.89,1900.26
10167,3,S24_3420,32,63.12,2019.84
10178,6,S24_3420,27,73.64,1988.28
10186,3,S24_3420,21,69.04,1449.84
10198,6,S24_3420,27,71.67,1935.09
10262,11,S24_3420,46,70.35,3236.10
10284,13,S24_3420,39,71.67,2795.13
10296,9,S24_3420,31,53.92,1671.52
10316,11,S24_3420,47,76.93,3615.71
10328,2,S24_3420,20,72.98,1459.60
10339,14,S24_3420,29,99.69,2891.01
10351,4,S24_3420,38,68.38,2598.44
10361,6,S24_3420,34,100.00,3871.92
10373,11,S24_3420,46,66.00,3036.00
10386,9,S24_3420,35,63.76,2231.60
10398,13,S24_3420,34,71.67,2436.78
10415,2,S24_3420,18,69.70,1254.60
10110,14,S24_3432,37,100.00,3724.42
10148,7,S24_3432,27,100.00,3469.50
10161,6,S24_3432,30,100.00,3148.20
10212,4,S24_3432,46,87.81,4039.26
10241,9,S24_3432,27,86.73,2341.71
10279,6,S24_3432,48,100.00,6168.00
10288,12,S24_3432,41,100.00,4873.26
10301,2,S24_3432,22,96.37,2120.14
10311,7,S24_3432,46,92.09,4236.14
10332,13,S24_3432,31,37.18,1152.58
10380,11,S24_3432,34,100.00,3953.18
10420,12,S24_3432,26,100.00,2617.16
10105,1,S24_3816,50,79.67,3983.50
10119,10,S24_3816,35,90.57,3169.95
10129,1,S24_3816,50,77.99,3899.50
10155,12,S24_3816,37,67.93,2513.41
10167,8,S24_3816,29,83.86,2431.94
10178,11,S24_3816,21,72.12,1514.52
10186,8,S24_3816,36,85.54,3079.44
10197,5,S24_3816,22,86.38,1900.36
10262,16,S24_3816,49,87.21,4273.29
10273,3,S24_3816,48,83.02,3984.96
10296,14,S24_3816,22,77.15,1697.30
10316,16,S24_3816,25,92.25,2306.25
10326,2,S24_3816,20,92.25,1845.00
10339,16,S24_3816,42,59.36,2493.12
10350,10,S24_3816,25,60.34,1508.50
10373,10,S24_3816,23,100.00,2394.30
10108,1,S24_3856,40,100.00,5448.80
10122,5,S24_3856,43,100.00,5494.97
10170,1,S24_3856,34,100.00,3819.56
10181,9,S24_3856,25,100.00,3861.75
10203,3,S24_3856,47,100.00,6996.42
10212,13,S24_3856,49,100.00,6949.67
10225,4,S24_3856,40,100.00,4550.00
10239,3,S24_3856,29,100.00,4479.63
10253,8,S24_3856,39,100.00,5148.00
10266,9,S24_3856,24,100.00,2932.08
10287,7,S24_3856,36,100.00,4297.32
10301,11,S24_3856,50,100.00,7723.50
10310,5,S24_3856,45,100.00,5497.65
10342,6,S24_3856,42,100.00,5013.54
10355,8,S24_3856,32,100.00,5302.72
10363,1,S24_3856,31,94.58,2931.98
10378,3,S24_3856,33,53.27,1757.91
10405,3,S24_3856,76,100.00,11739.70
10419,8,S24_3856,70,100.00,9240.00
10106,11,S24_3949,50,64.83,3241.50
10119,2,S24_3949,28,70.29,1968.12
10155,4,S24_3949,44,77.11,3392.84
10178,3,S24_3949,30,72.33,2169.90
10198,3,S24_3949,43,66.19,2846.17
10210,16,S24_3949,29,69.60,2018.40
10262,8,S24_3949,48,61.42,2948.16
10275,18,S24_3949,41,81.89,3357.49
10284,10,S24_3949,21,55.96,1175.16
10296,6,S24_3949,32,71.65,2292.80
10316,8,S24_3949,30,77.79,2333.70
10328,3,S24_3949,35,76.43,2675.05
10339,11,S24_3949,45,96.92,4361.40
10351,3,S24_3949,34,59.37,2018.58
10361,7,S24_3949,26,100.00,3710.98
10373,13,S24_3949,39,73.00,2847.00
10386,12,S24_3949,41,73.32,3006.12
10398,2,S24_3949,41,68.24,2797.84
10416,13,S24_3949,18,75.06,1351.08
10110,5,S24_3969,48,34.47,1654.56
10173,11,S24_3969,35,33.23,1163.05
10193,12,S24_3969,22,41.03,902.66
10214,5,S24_3969,44,34.88,1534.72
10227,8,S24_3969,27,43.90,1185.30
10280,14,S24_3969,33,41.85,1381.05
10288,3,S24_3969,33,40.62,1340.46
10303,1,S24_3969,24,40.21,965.04
10332,14,S24_3969,41,77.24,3166.84
10380,12,S24_3969,43,95.03,4086.29
10408,1,S24_3969,15,36.93,553.95
10420,3,S24_3969,15,43.49,652.35
10104,5,S24_4048,26,100.00,2921.62
10141,1,S24_4048,40,94.62,3784.80
10152,3,S24_4048,23,100.00,2802.09
10165,8,S24_4048,24,99.36,2384.64
10176,7,S24_4048,29,100.00,2915.66
10184,2,S24_4048,49,100.00,5795.72
10220,7,S24_4048,37,100.00,5032.74
10230,5,S24_4048,45,100.00,4737.15
10246,1,S24_4048,46,100.00,6311.20
10314,10,S24_4048,38,100.00,4000.26
10325,5,S24_4048,44,100.00,5325.76
10336,5,S24_4048,31,100.00,4618.69
10359,7,S24_4048,22,100.00,2603.04
10383,4,S24_4048,21,93.91,1972.11
10394,7,S24_4048,37,100.00,5207.75
10412,1,S24_4048,31,100.00,4253.20
10103,15,S24_4258,25,100.00,2873.00
10126,15,S24_4258,34,100.00,3576.12
10139,4,S24_4258,29,100.00,3276.13
10173,3,S24_4258,22,100.00,2571.14
10193,4,S24_4258,20,100.00,2279.00
10244,4,S24_4258,40,86.68,3467.20
10269,2,S24_4258,48,97.39,4674.72
10280,6,S24_4258,21,78.89,1656.69
10304,10,S24_4258,33,100.00,3342.57
10348,2,S24_4258,39,50.31,1962.09
10358,6,S24_4258,41,100.00,6847.00
10423,4,S24_4258,28,78.89,2208.92
10106,3,S24_4278,26,63.76,1657.76
10120,9,S24_4278,29,85.49,2479.21
10133,4,S24_4278,46,77.52,3565.92
10210,8,S24_4278,40,71.00,2840.00
10223,10,S24_4278,23,74.62,1716.26
10275,10,S24_4278,27,62.31,1682.37
10284,2,S24_4278,21,71.00,1491.00
10297,5,S24_4278,23,72.45,1666.35
10328,4,S24_4278,43,60.86,2616.98
10340,1,S24_4278,40,84.77,3390.80
10361,1,S24_4278,25,62.46,1561.50
10375,2,S24_4278,43,100.00,10039.60
10386,8,S24_4278,50,63.34,3167.00
10398,14,S24_4278,45,78.25,3521.25
10416,5,S24_4278,48,74.62,3581.76
10108,10,S24_4620,31,68.71,2130.01
10122,14,S24_4620,29,71.14,2063.06
10169,6,S24_4620,24,94.58,2269.92
10180,1,S24_4620,28,71.14,1991.92
10191,7,S24_4620,44,66.29,2916.76
10211,6,S24_4620,22,92.16,2027.52
10225,13,S24_4620,46,70.33,3235.18
10238,7,S24_4620,22,93.77,2062.94
10252,3,S24_4620,38,87.31,3317.78
10287,16,S24_4620,40,88.12,3524.80
10299,1,S24_4620,32,80.84,2586.88
10310,14,S24_4620,49,97.01,4753.49
10343,1,S24_4620,30,100.00,3098.70
10355,9,S24_4620,28,95.39,2670.92
10363,9,S24_4620,43,100.00,5154.41
10378,2,S24_4620,41,100.00,4894.17
10103,3,S32_1268,31,100.00,3224.31
10114,7,S32_1268,32,100.00,3667.52
10126,3,S32_1268,43,96.31,4141.33
10151,10,S32_1268,27,100.00,3068.55
10164,1,S32_1268,24,100.00,2634.96
10175,8,S32_1268,22,100.00,2436.72
10184,13,S32_1268,46,100.00,4607.36
10194,3,S32_1268,37,97.27,3598.99
10217,3,S32_1268,21,100.00,2244.90
10259,11,S32_1268,45,86.68,3900.60
10270,1,S32_1268,32,85.72,2743.04
10291,3,S32_1268,26,83.79,2178.54
10348,3,S32_1268,42,100.00,6386.94
10358,1,S32_1268,41,100.00,4428.00
10425,11,S32_1268,41,86.68,3553.88
10120,6,S32_1374,22,100.00,2461.36
10133,1,S32_1374,23,100.00,2642.01
10188,7,S32_1374,44,98.89,4351.16
10210,5,S32_1374,46,79.91,3675.86
10223,7,S32_1374,21,100.00,2475.27
10275,7,S32_1374,23,81.91,1883.93
10297,2,S32_1374,26,100.00,2856.88
10340,2,S32_1374,55,100.00,6482.85
10363,2,S32_1374,50,100.00,6576.50
10375,3,S32_1374,37,100.00,6353.27
10387,1,S32_1374,44,94.90,4175.60
10416,2,S32_1374,45,100.00,4764.60
10108,13,S32_2206,27,43.45,1173.15
10122,17,S32_2206,31,44.66,1384.46
10169,9,S32_2206,26,39.83,1035.58
10180,4,S32_2206,34,45.46,1545.64
10190,1,S32_2206,46,32.99,1517.54
10211,9,S32_2206,41,42.24,1731.84
10224,2,S32_2206,43,39.43,1695.49
10252,6,S32_2206,36,48.28,1738.08
10299,4,S32_2206,24,42.24,1013.76
10310,17,S32_2206,36,43.05,1549.80
10343,5,S32_2206,29,100.00,3713.16
10355,10,S32_2206,38,39.83,1513.54
10364,1,S32_2206,48,48.28,2317.44
10378,1,S32_2206,40,82.46,3298.40
10403,2,S32_2206,30,40.23,1206.90
10104,11,S32_2509,35,47.62,1666.70
10114,2,S32_2509,28,55.73,1560.44
10141,7,S32_2509,24,45.99,1103.76
10151,5,S32_2509,41,63.85,2617.85
10165,14,S32_2509,48,45.99,2207.52
10175,3,S32_2509,50,63.31,3165.50
10184,8,S32_2509,33,62.77,2071.41
10246,7,S32_2509,35,48.70,1704.50
10259,6,S32_2509,40,43.83,1753.20
10325,3,S32_2509,38,100.00,8844.12
10359,3,S32_2509,36,100.00,6358.68
10383,5,S32_2509,32,53.18,1701.76
10394,3,S32_2509,36,62.77,2259.72
10412,7,S32_2509,19,48.70,925.30
10425,6,S32_2509,11,43.83,482.13
10104,4,S32_3207,49,65.87,3227.63
10116,1,S32_3207,27,63.38,1711.26
10152,2,S32_3207,33,50.95,1681.35
10165,7,S32_3207,44,53.44,2351.36
10176,6,S32_3207,22,64.00,1408.00
10184,1,S32_3207,48,50.95,2445.60
10220,6,S32_3207,20,52.82,1056.40
10230,4,S32_3207,46,60.90,2801.40
10247,6,S32_3207,40,49.71,1988.40
10306,17,S32_3207,46,50.33,2315.18
10314,9,S32_3207,35,66.49,2327.15
10325,2,S32_3207,28,100.00,5377.40
10336,9,S32_3207,31,84.71,2626.01
10350,14,S32_3207,27,100.00,4406.40
10359,1,S32_3207,22,100.00,4301.22
10383,8,S32_3207,44,36.07,1587.08
10394,4,S32_3207,30,60.28,1808.40
10103,7,S32_3522,45,75.63,3403.35
10126,7,S32_3522,26,62.70,1630.20
10150,4,S32_3522,49,58.18,2850.82
10164,5,S32_3522,49,54.94,2692.06
10175,12,S32_3522,29,74.98,2174.42
10194,7,S32_3522,39,54.94,2142.66
10217,7,S32_3522,39,62.05,2419.95
10258,2,S32_3522,20,61.41,1228.20
10270,5,S32_3522,21,63.35,1330.35
10291,7,S32_3522,32,71.75,2296.00
10304,2,S32_3522,36,73.04,2629.44
10348,5,S32_3522,31,100.00,3139.99
10358,2,S32_3522,36,100.00,5669.64
10370,3,S32_3522,25,100.00,3160.25
10424,2,S32_3522,44,61.41,2702.04
10106,5,S32_4289,33,72.92,2406.36
10120,11,S32_4289,29,72.23,2094.67
10133,6,S32_4289,49,57.10,2797.90
10144,1,S32_4289,20,81.86,1637.20
10210,10,S32_4289,39,59.16,2307.24
10223,12,S32_4289,20,66.04,1320.80
10262,2,S32_4289,40,79.11,3164.40
10275,12,S32_4289,28,63.97,1791.16
10284,4,S32_4289,50,81.86,4093.00
10297,7,S32_4289,28,79.80,2234.40
10316,2,S32_4289,24,59.16,1419.84
10328,5,S32_4289,24,81.17,1948.08
10340,3,S32_4289,39,59.16,2307.24
10361,2,S32_4289,49,72.33,3544.17
10375,4,S32_4289,44,82.26,3619.44
10398,4,S32_4289,22,67.41,1483.02
10416,7,S32_4289,26,61.22,1591.72
10108,16,S32_4485,31,100.00,3669.78
10121,3,S32_4485,25,86.74,2168.50
10169,12,S32_4485,34,100.00,3920.88
10180,7,S32_4485,22,100.00,2514.60
10190,4,S32_4485,42,85.72,3600.24
10211,12,S32_4485,37,100.00,4040.03
10224,5,S32_4485,30,100.00,3336.90
10252,9,S32_4485,25,100.00,2832.00
10299,7,S32_4485,38,100.00,4382.16
10309,3,S32_4485,50,84.70,4235.00
10341,4,S32_4485,31,71.02,2201.62
10355,5,S32_4485,40,100.00,4326.80
10375,15,S32_4485,41,100.00,4701.88
10403,5,S32_4485,45,100.00,5189.40
10106,6,S50_1341,39,40.15,1565.85
10120,12,S50_1341,49,50.62,2480.38
10133,7,S50_1341,27,50.19,1355.13
10156,1,S50_1341,20,41.02,820.40
10210,11,S50_1341,43,41.02,1763.86
10223,13,S50_1341,41,46.26,1896.66
10262,3,S50_1341,49,37.97,1860.53
10275,13,S50_1341,38,45.39,1724.82
10284,5,S50_1341,33,51.93,1713.69
10296,1,S50_1341,26,48.44,1259.44
10316,3,S50_1341,34,47.57,1617.38
10328,7,S50_1341,34,51.93,1765.62
10340,4,S50_1341,40,50.62,2024.80
10361,3,S50_1341,33,82.59,2725.47
10375,5,S50_1341,49,65.80,3224.20
10398,5,S50_1341,49,36.66,1796.34
10416,8,S50_1341,37,51.93,1921.41
10104,7,S50_1392,33,100.00,3705.24
10141,3,S50_1392,44,100.00,5500.44
10151,1,S50_1392,26,100.00,3220.10
10165,10,S50_1392,48,94.92,4556.16
10176,9,S50_1392,23,100.00,3114.89
10184,4,S50_1392,45,100.00,4948.20
10220,9,S50_1392,37,100.00,3983.05
10230,7,S50_1392,34,100.00,3974.94
10246,3,S50_1392,22,100.00,2928.42
10259,2,S50_1392,29,100.00,3054.57
10314,12,S50_1392,28,100.00,3403.12
10325,4,S50_1392,38,100.00,5190.42
10336,8,S50_1392,23,100.00,3141.57
10350,8,S50_1392,31,71.40,2213.40
10359,2,S50_1392,46,100.00,4896.70
10383,13,S50_1392,29,100.00,3087.05
10395,4,S50_1392,46,100.00,5692.96
10412,3,S50_1392,26,100.00,3460.86
10425,2,S50_1392,18,100.00,1895.94
10104,2,S50_1514,32,53.31,1705.92
10117,11,S50_1514,21,49.21,1033.41
10153,13,S50_1514,31,57.41,1779.71
10165,5,S50_1514,38,66.78,2537.64
10176,4,S50_1514,38,64.44,2448.72
10208,15,S50_1514,30,65.61,1968.30
10220,4,S50_1514,30,68.54,2056.20
10230,2,S50_1514,43,52.14,2242.02
10247,4,S50_1514,49,63.85,3128.65
10306,15,S50_1514,34,60.34,2051.56
10314,7,S50_1514,38,61.51,2337.38
10325,7,S50_1514,44,100.00,5932.96
10350,17,S50_1514,44,100.00,6490.88
10359,4,S50_1514,25,64.93,1623.25
10372,9,S50_1514,24,58.58,1405.92
10383,10,S50_1514,38,60.06,2282.28
10395,3,S50_1514,45,100.00,8977.05
10108,14,S50_4713,34,82.99,2821.66
10121,1,S50_4713,44,74.85,3293.40
10169,10,S50_4713,48,80.55,3866.40
10180,5,S50_4713,21,93.56,1964.76
10190,2,S50_4713,40,66.72,2668.80
10211,10,S50_4713,40,80.55,3222.00
10224,3,S50_4713,50,77.29,3864.50
10252,7,S50_4713,48,72.41,3475.68
10299,5,S50_4713,44,80.55,3544.20
10309,1,S50_4713,28,88.68,2483.04
10341,3,S50_4713,38,100.00,4682.36
10356,4,S50_4713,26,100.00,3937.70
10375,8,S50_4713,49,100.00,5406.66
10403,3,S50_4713,31,68.34,2118.54
10105,5,S700_1138,41,70.67,2897.47
10119,14,S700_1138,25,76.67,1916.75
10129,5,S700_1138,31,60.00,1860.00
10153,1,S700_1138,43,64.67,2780.81
10167,12,S700_1138,43,75.34,3239.62
10177,3,S700_1138,24,76.00,1824.00
10197,9,S700_1138,23,64.67,1487.41
10208,3,S700_1138,38,74.67,2837.46
10273,7,S700_1138,21,65.34,1372.14
10306,3,S700_1138,50,54.00,2700.00
10315,2,S700_1138,41,62.00,2542.00
10326,1,S700_1138,39,60.00,2340.00
10339,5,S700_1138,22,100.00,2816.44
10350,11,S700_1138,46,76.67,3526.82
10373,14,S700_1138,44,100.00,4627.92
10106,7,S700_1691,31,100.00,3312.97
10120,13,S700_1691,47,82.21,3863.87
10133,8,S700_1691,24,77.64,1863.36
10156,2,S700_1691,48,100.00,4954.08
10210,12,S700_1691,21,78.55,1649.55
10223,14,S700_1691,25,100.00,2534.75
10262,4,S700_1691,40,84.03,3361.20
10275,14,S700_1691,32,89.51,2864.32
10284,6,S700_1691,24,83.12,1994.88
10296,2,S700_1691,42,100.00,4296.60
10316,4,S700_1691,34,82.21,2795.14
10328,8,S700_1691,27,100.00,2762.10
10340,5,S700_1691,30,88.60,2658.00
10361,4,S700_1691,20,60.54,1210.80
10375,6,S700_1691,37,81.87,3029.19
10398,6,S700_1691,47,87.69,4121.43
10416,9,S700_1691,23,91.34,2100.82
10105,12,S700_1938,29,70.15,2034.35
10117,6,S700_1938,38,79.68,3027.84
10128,3,S700_1938,32,97.00,3104.00
10153,8,S700_1938,31,87.48,2711.88
10177,10,S700_1938,31,88.34,2738.54
10208,10,S700_1938,40,80.55,3222.00
10353,9,S700_1691,39,100.00,5043.87
10221,4,S700_1938,23,97.00,2231.00
10232,7,S700_1938,26,88.34,2296.84
10273,14,S700_1938,21,100.00,2146.20
10293,5,S700_1938,29,71.89,2084.81
10306,10,S700_1938,38,91.81,3488.78
10314,2,S700_1938,23,76.22,1753.06
10327,7,S700_1938,20,100.00,3469.20
10350,4,S700_1938,28,100.00,2924.32
10372,2,S700_1938,44,100.00,4496.80
10397,5,S700_1938,32,80.55,2577.60
10106,16,S700_2047,30,100.00,3177.30
10119,7,S700_2047,29,94.14,2730.06
10155,9,S700_2047,32,91.43,2925.76
10167,5,S700_2047,29,100.00,2940.02
10178,8,S700_2047,34,96.86,3293.24
10186,5,S700_2047,24,99.57,2389.68
10197,2,S700_2047,24,90.52,2172.48
10262,13,S700_2047,44,94.14,4142.16
10296,11,S700_2047,34,100.00,3477.86
10316,13,S700_2047,45,93.24,4195.80
10328,9,S700_2047,41,100.00,4156.58
10339,15,S700_2047,55,71.25,3918.75
10361,14,S700_2047,24,45.39,1089.36
10373,15,S700_2047,32,84.41,2701.12
10386,13,S700_2047,29,85.76,2487.04
10398,7,S700_2047,36,100.00,3910.32
10415,4,S700_2047,32,95.95,3070.40
10106,9,S700_2466,34,100.00,3763.46
10120,15,S700_2466,24,100.00,2584.80
10155,2,S700_2466,20,100.00,2353.40
10178,1,S700_2466,22,87.75,1930.50
10198,1,S700_2466,42,100.00,4774.56
10210,14,S700_2466,26,99.72,2592.72
10262,6,S700_2466,33,90.75,2994.75
10275,16,S700_2466,39,100.00,4472.52
10284,8,S700_2466,45,100.00,4576.95
10296,4,S700_2466,24,100.00,2441.04
10316,6,S700_2466,23,100.00,2706.41
10328,10,S700_2466,37,100.00,4021.53
10340,7,S700_2466,55,87.75,4826.25
10361,9,S700_2466,26,100.00,2754.70
10375,1,S700_2466,33,100.00,3856.71
10386,14,S700_2466,37,83.84,3102.08
10398,8,S700_2466,22,86.76,1908.72
10416,11,S700_2466,22,100.00,2457.18
10105,3,S700_2610,31,65.77,2038.87
10119,12,S700_2610,38,65.77,2499.26
10129,3,S700_2610,45,85.29,3838.05
10167,10,S700_2610,46,70.11,3225.06
10177,1,S700_2610,32,76.62,2451.84
10197,7,S700_2610,50,78.79,3939.50
10208,1,S700_2610,46,74.45,3424.70
10273,5,S700_2610,42,62.16,2610.72
10306,1,S700_2610,43,75.17,3232.31
10316,18,S700_2610,48,74.45,3573.60
10327,1,S700_2610,21,96.31,2022.51
10339,9,S700_2610,50,74.35,3717.50
10350,12,S700_2610,29,75.35,2185.15
10373,16,S700_2610,41,70.33,2883.53
10386,10,S700_2610,37,100.00,5017.57
10397,4,S700_2610,22,66.50,1463.00
10103,6,S700_2824,42,100.00,4460.82
10114,10,S700_2824,42,100.00,4758.18
10126,6,S700_2824,45,100.00,4597.20
10150,3,S700_2824,20,100.00,2104.00
10164,4,S700_2824,39,81.93,3195.27
10175,11,S700_2824,42,85.98,3611.16
10194,6,S700_2824,26,89.01,2314.26
10217,6,S700_2824,31,88.00,2728.00
10154,1,S700_2610,36,64.33,2315.88
10258,1,S700_2824,45,80.92,3641.40
10270,4,S700_2824,46,88.00,4048.00
10291,6,S700_2824,28,100.00,3256.96
10304,1,S700_2824,40,100.00,4208.00
10336,2,S700_2824,46,100.00,9558.80
10348,7,S700_2824,32,82.83,2650.56
10358,3,S700_2824,27,100.00,3761.37
10424,1,S700_2824,46,80.92,3722.32
10106,1,S700_2834,32,100.00,3986.56
10120,7,S700_2834,24,100.00,3417.12
10133,2,S700_2834,27,99.67,2691.09
10188,8,S700_2834,29,100.00,3957.05
10210,6,S700_2834,25,100.00,2818.00
10223,8,S700_2834,29,100.00,3199.86
10275,8,S700_2834,48,100.00,6378.72
10297,3,S700_2834,35,100.00,3986.50
10328,11,S700_2834,33,100.00,4072.20
10340,6,S700_2834,29,100.00,4094.51
10361,5,S700_2834,44,72.42,3186.48
10375,10,S700_2834,25,66.73,1668.25
10398,9,S700_2834,23,100.00,2810.83
10416,3,S700_2834,41,100.00,5642.83
10106,8,S700_3167,44,74.40,3273.60
10120,14,S700_3167,43,76.00,3268.00
10155,1,S700_3167,43,86.40,3715.20
10210,13,S700_3167,31,86.40,2678.40
10223,15,S700_3167,26,67.20,1747.20
10262,5,S700_3167,27,76.00,2052.00
10275,15,S700_3167,43,73.60,3164.80
10284,7,S700_3167,25,69.60,1740.00
10296,3,S700_3167,22,80.80,1777.60
10316,5,S700_3167,48,75.20,3609.60
10328,13,S700_3167,33,64.00,2112.00
10341,5,S700_3167,34,100.00,3644.12
10361,10,S700_3167,44,100.00,5001.92
10375,11,S700_3167,44,100.00,5208.72
10386,17,S700_3167,32,94.34,3018.88
10398,10,S700_3167,29,65.60,1902.40
10416,10,S700_3167,39,67.20,2620.80
10105,6,S700_3505,39,81.14,3164.46
10118,1,S700_3505,36,100.00,4219.20
10129,6,S700_3505,42,91.15,3828.30
10153,2,S700_3505,50,88.15,4407.50
10167,13,S700_3505,24,100.00,2812.80
10177,4,S700_3505,44,92.16,4055.04
10197,10,S700_3505,27,92.16,2488.32
10208,4,S700_3505,37,100.00,4447.40
10232,1,S700_3505,48,96.16,4615.68
10273,8,S700_3505,40,86.15,3446.00
10306,4,S700_3505,32,90.15,2884.80
10315,3,S700_3505,31,86.15,2670.65
10327,2,S700_3505,43,80.00,3440.00
10350,13,S700_3505,31,77.34,2397.54
10373,2,S700_3505,34,96.34,3275.56
10386,2,S700_3505,45,92.08,4143.60
10397,3,S700_3505,48,100.00,5192.64
10105,7,S700_3962,22,100.00,2556.18
10117,1,S700_3962,45,83.42,3753.90
10129,7,S700_3962,30,85.41,2562.30
10153,3,S700_3962,20,100.00,2204.60
10167,14,S700_3962,28,100.00,3003.00
10177,5,S700_3962,24,100.00,2526.48
10197,11,S700_3962,35,93.35,3267.25
10208,5,S700_3962,33,85.41,2818.53
10232,2,S700_3962,35,82.43,2885.05
10273,9,S700_3962,26,100.00,2969.46
10306,5,S700_3962,30,100.00,3515.70
10315,4,S700_3962,37,91.37,3380.69
10327,3,S700_3962,37,86.61,3204.57
10350,16,S700_3962,25,100.00,2854.75
10373,8,S700_3962,37,100.00,4025.60
10386,3,S700_3962,30,95.48,2864.40
10397,2,S700_3962,36,100.00,3789.72
10106,10,S700_4002,48,61.44,2949.12
10119,1,S700_4002,26,59.22,1539.72
10155,3,S700_4002,44,85.87,3778.28
10178,2,S700_4002,45,76.25,3431.25
10198,2,S700_4002,40,63.67,2546.80
10210,15,S700_4002,42,70.33,2953.86
10262,7,S700_4002,35,71.07,2487.45
10275,17,S700_4002,31,72.55,2249.05
10284,9,S700_4002,32,64.41,2061.12
10296,5,S700_4002,47,86.62,4071.14
10316,7,S700_4002,44,62.19,2736.36
10328,12,S700_4002,39,85.87,3348.93
10339,8,S700_4002,50,57.86,2893.00
10361,11,S700_4002,35,100.00,4277.35
10373,17,S700_4002,45,55.62,2502.90
10386,15,S700_4002,44,86.40,3801.60
10398,12,S700_4002,36,87.36,3144.96
10416,12,S700_4002,43,62.19,2674.17
10106,15,S72_1253,48,52.64,2526.72
10119,6,S72_1253,28,48.17,1348.76
10155,8,S72_1253,34,49.16,1671.44
10167,4,S72_1253,40,41.71,1668.40
10178,7,S72_1253,45,51.15,2301.75
10186,4,S72_1253,28,52.14,1459.92
10197,1,S72_1253,29,41.71,1209.59
10262,12,S72_1253,21,57.11,1199.31
10296,10,S72_1253,21,45.19,948.99
10316,12,S72_1253,34,43.70,1485.80
10339,6,S72_1253,27,76.31,2060.37
10361,12,S72_1253,23,95.20,2189.60
10373,9,S72_1253,25,64.97,1624.25
10386,16,S72_1253,50,87.15,4357.50
10398,1,S72_1253,34,40.22,1367.48
10415,3,S72_1253,42,57.61,2419.62
10105,8,S72_3212,25,56.78,1419.50
10117,2,S72_3212,50,43.68,2184.00
10129,8,S72_3212,32,64.97,2079.04
10153,4,S72_3212,50,60.06,3003.00
10167,15,S72_3212,38,48.59,1846.42
10177,6,S72_3212,40,50.23,2009.20
10197,12,S72_3212,42,50.23,2109.66
10208,6,S72_3212,42,63.88,2682.96
10232,3,S72_3212,24,49.69,1192.56
10273,10,S72_3212,37,45.86,1696.82
10293,1,S72_3212,32,60.06,1921.92
10306,6,S72_3212,35,59.51,2082.85
10315,5,S72_3212,40,55.69,2227.60
10327,4,S72_3212,37,86.74,3209.38
10350,15,S72_3212,20,100.00,2244.40
10373,1,S72_3212,29,100.00,3978.51
10386,4,S72_3212,43,100.00,5417.57
10397,1,S72_3212,34,62.24,2116.16
10107,2,S10_1678,30,95.70,2871.00
10145,6,S10_1678,45,83.26,3746.70
10159,14,S10_1678,49,100.00,5205.27
10168,1,S10_1678,36,96.66,3479.76
10201,2,S10_1678,22,98.57,2168.54
10237,7,S10_1678,23,100.00,2333.12
10251,2,S10_1678,28,100.00,3188.64
10263,2,S10_1678,34,100.00,3676.76
10285,6,S10_1678,36,100.00,4099.68
10318,1,S10_1678,46,94.74,4358.04
10329,1,S10_1678,42,100.00,4396.14
10388,4,S10_1678,42,76.36,3207.12
10140,11,S10_1949,37,100.00,7374.10
10163,1,S10_1949,21,100.00,4860.24
10183,8,S10_1949,23,100.00,5372.57
10206,6,S10_1949,47,100.00,9064.89
10215,3,S10_1949,35,100.00,6075.30
10228,2,S10_1949,29,100.00,6463.23
10245,9,S10_1949,34,100.00,6120.34
10312,3,S10_1949,48,100.00,11623.70
10322,1,S10_1949,40,100.00,6000.40
10333,3,S10_1949,26,100.00,3003.00
10357,10,S10_1949,32,100.00,5691.84
10369,2,S10_1949,41,100.00,4514.92
10381,3,S10_1949,36,100.00,8254.80
10411,9,S10_1949,23,100.00,4140.23
10107,5,S10_2016,39,99.91,3896.49
10145,9,S10_2016,37,100.00,5192.95
10159,17,S10_2016,37,100.00,5016.83
10168,4,S10_2016,27,100.00,3660.93
10201,5,S10_2016,24,100.00,3025.92
10236,1,S10_2016,22,100.00,2852.08
10251,5,S10_2016,44,100.00,5756.52
10263,5,S10_2016,40,100.00,4472.00
10285,9,S10_2016,47,100.00,6484.59
10308,2,S10_2016,34,100.00,4043.96
10318,4,S10_2016,45,100.00,5566.50
10329,2,S10_2016,20,100.00,3176.00
10388,5,S10_2016,50,44.51,2225.50
10107,4,S10_4698,27,100.00,6065.55
10145,8,S10_4698,33,100.00,5176.38
10159,16,S10_4698,22,100.00,4132.70
10168,3,S10_4698,20,100.00,4183.00
10201,4,S10_4698,49,100.00,8065.89
10237,9,S10_4698,39,100.00,7023.90
10251,4,S10_4698,43,100.00,7078.23
10263,4,S10_4698,41,100.00,8336.94
10285,8,S10_4698,27,100.00,5438.07
10308,1,S10_4698,20,100.00,4570.40
10318,3,S10_4698,37,100.00,7667.14
10329,3,S10_4698,26,100.00,5868.20
10362,4,S10_4698,22,100.00,3664.10
10388,7,S10_4698,21,86.77,1822.17
10143,15,S10_4757,49,100.00,5597.76
10209,8,S10_4757,39,100.00,5197.92
10222,12,S10_4757,49,100.00,5997.60
10248,3,S10_4757,20,100.00,2910.40
10261,1,S10_4757,27,100.00,3378.24
10283,6,S10_4757,25,100.00,2992.00
10295,1,S10_4757,24,100.00,3427.20
10307,9,S10_4757,22,100.00,2692.80
10337,8,S10_4757,25,48.05,1201.25
10384,4,S10_4757,34,100.00,4846.70
10400,9,S10_4757,64,100.00,9661.44
10414,3,S10_4757,19,100.00,2764.88
10140,4,S10_4962,26,100.00,3188.12
10183,1,S10_4962,28,100.00,3433.36
10207,15,S10_4962,31,100.00,4076.19
10229,9,S10_4962,50,100.00,6426.50
10245,2,S10_4962,28,100.00,4591.72
10281,9,S10_4962,44,100.00,7020.64
10305,13,S10_4962,38,100.00,6680.78
10313,7,S10_4962,40,100.00,6678.00
10322,8,S10_4962,46,61.99,2851.54
10357,9,S10_4962,43,100.00,5780.92
10381,6,S10_4962,37,100.00,6231.54
10411,2,S10_4962,27,100.00,4427.73
10135,7,S12_1099,42,100.00,8008.56
10147,7,S12_1099,48,100.00,9245.76
10159,2,S12_1099,41,100.00,8296.35
10276,3,S12_1099,50,100.00,9631.00
10329,5,S12_1099,41,71.47,2930.27
10127,2,S12_1108,46,100.00,11279.20
10142,12,S12_1108,33,100.00,8023.29
10185,13,S12_1108,21,100.00,3883.74
10196,5,S12_1108,47,100.00,8887.70
10272,2,S12_1108,35,100.00,5818.40
10282,5,S12_1108,41,100.00,7071.27
10371,6,S12_1108,32,100.00,3560.64
10382,10,S12_1108,34,100.00,3823.64
10413,2,S12_1108,36,100.00,8677.80
10113,2,S12_1666,21,100.00,3415.44
10140,8,S12_1666,38,100.00,4829.80
10183,5,S12_1666,41,100.00,6163.94
10206,3,S12_1666,28,100.00,4056.36
10229,13,S12_1666,25,100.00,3451.00
10245,6,S12_1666,38,100.00,5920.40
10281,13,S12_1666,25,100.00,2938.50
10313,11,S12_1666,21,100.00,2669.10
10322,9,S12_1666,27,100.00,4784.13
10333,6,S12_1666,33,99.21,3273.93
10357,8,S12_1666,49,100.00,5960.36
10381,1,S12_1666,20,100.00,2952.00
10411,6,S12_1666,40,100.00,6232.00
10107,1,S12_2823,21,100.00,3036.60
10145,5,S12_2823,49,100.00,8339.80
10159,13,S12_2823,38,100.00,6238.84
10189,1,S12_2823,28,100.00,4512.48
10201,1,S12_2823,25,100.00,4029.00
10237,6,S12_2823,32,100.00,4193.28
10251,1,S12_2823,46,100.00,7552.28
10263,1,S12_2823,48,100.00,6434.40
10276,14,S12_2823,43,100.00,5181.50
10285,5,S12_2823,49,100.00,6863.92
10319,9,S12_2823,30,100.00,4111.80
10329,6,S12_2823,24,100.00,3542.64
10362,1,S12_2823,22,100.00,3877.06
10388,6,S12_2823,44,100.00,5951.44
10127,3,S12_3148,46,100.00,7366.44
10142,13,S12_3148,33,100.00,4985.64
10185,14,S12_3148,33,100.00,4038.21
10196,6,S12_3148,24,100.00,3807.12
10272,3,S12_3148,27,100.00,4283.01
10282,6,S12_3148,27,100.00,4364.82
10324,1,S12_3148,27,54.33,1466.91
10382,11,S12_3148,37,100.00,4071.85
10413,3,S12_3148,47,100.00,8236.75
10135,5,S12_3380,48,100.00,6031.68
10147,5,S12_3380,31,100.00,3494.94
10160,6,S12_3380,46,100.00,5294.14
10276,1,S12_3380,47,100.00,5464.69
10329,13,S12_3380,46,83.63,3846.98
10376,1,S12_3380,35,100.00,3987.20
10127,1,S12_3891,42,100.00,8138.76
10142,11,S12_3891,46,100.00,9470.94
10185,12,S12_3891,43,100.00,7886.20
10196,4,S12_3891,38,100.00,7232.16
10272,1,S12_3891,39,100.00,7962.24
10282,4,S12_3891,24,100.00,3778.80
10349,10,S12_3891,26,100.00,4408.56
10382,12,S12_3891,34,95.35,3241.90
10396,3,S12_3891,33,100.00,6109.29
10413,1,S12_3891,22,100.00,3387.78
10135,8,S12_3990,24,75.01,1800.24
10147,8,S12_3990,21,63.84,1340.64
10159,3,S12_3990,24,73.42,1762.08
10276,4,S12_3990,38,83.79,3184.02
10329,14,S12_3990,33,100.00,3607.56
10115,5,S12_4473,46,100.00,5723.78
10127,11,S12_4473,24,100.00,2559.60
10195,6,S12_4473,49,100.00,6445.46
10207,7,S12_4473,34,99.54,3384.36
10219,2,S12_4473,48,100.00,4891.68
10229,1,S12_4473,36,100.00,4521.96
10271,5,S12_4473,31,97.17,3012.27
10281,1,S12_4473,41,100.00,5247.18
10292,8,S12_4473,21,100.00,2214.87
10305,5,S12_4473,38,100.00,4773.18
10324,7,S12_4473,26,58.38,1517.88
10349,9,S12_4473,48,100.00,5232.96
10371,4,S12_4473,49,35.71,1749.79
10382,13,S12_4473,32,66.58,2130.56
10135,4,S12_4675,29,97.89,2838.81
10147,4,S12_4675,33,97.89,3230.37
10160,5,S12_4675,50,100.00,5182.00
10192,16,S12_4675,27,100.00,3544.56
10321,15,S12_4675,24,100.00,2984.88
10329,15,S12_4675,39,64.74,2524.86
10113,4,S18_1097,49,100.00,4916.66
10140,10,S18_1097,32,100.00,4181.44
10183,7,S18_1097,21,96.84,2033.64
10206,5,S18_1097,34,100.00,3966.78
10215,2,S18_1097,46,100.00,5152.00
10228,1,S18_1097,32,100.00,3360.00
10245,8,S18_1097,29,100.00,3451.00
10312,2,S18_1097,32,100.00,4181.44
10322,10,S18_1097,22,100.00,2251.04
10333,7,S18_1097,29,40.25,1167.25
10357,1,S18_1097,39,98.00,3822.00
10381,2,S18_1097,48,98.00,4704.00
10411,8,S18_1097,27,100.00,3213.00
10109,4,S18_1129,26,100.00,4379.18
10171,2,S18_1129,35,100.00,4508.00
10192,11,S18_1129,22,100.00,3300.66
10204,17,S18_1129,42,100.00,6182.40
10278,6,S18_1129,34,100.00,4667.86
10321,10,S18_1129,41,100.00,5803.14
10331,6,S18_1129,46,100.00,6434.02
10365,1,S18_1129,30,87.06,2611.80
10390,14,S18_1129,36,93.77,3375.72
10102,2,S18_1342,39,100.00,4808.31
10111,6,S18_1342,33,99.66,3288.78
10149,4,S18_1342,50,100.00,5907.50
10162,2,S18_1342,48,91.44,4389.12
10182,3,S18_1342,25,87.33,2183.25
10215,10,S18_1342,27,89.38,2413.26
10312,10,S18_1342,43,89.38,3843.34
10322,14,S18_1342,43,86.30,3710.90
10346,3,S18_1342,42,36.11,1516.62
10369,8,S18_1342,44,100.00,9240.44
10422,2,S18_1342,51,95.55,4873.05
10102,1,S18_1367,41,50.14,2055.74
10111,5,S18_1367,48,49.06,2354.88
10149,3,S18_1367,30,58.22,1746.60
10162,1,S18_1367,45,51.21,2304.45
10182,2,S18_1367,32,54.45,1742.40
10215,9,S18_1367,33,43.13,1423.29
10312,9,S18_1367,25,44.21,1105.25
10322,5,S18_1367,41,57.68,2364.88
10369,7,S18_1367,32,98.63,3156.16
10381,9,S18_1367,25,52.83,1320.75
10422,1,S18_1367,25,51.75,1293.75
10172,6,S18_1589,42,100.00,4965.24
10192,7,S18_1589,29,100.00,4258.36
10204,13,S18_1589,40,100.00,4032.00
10226,4,S18_1589,38,100.00,4161.38
10278,2,S18_1589,23,100.00,2604.52
10321,6,S18_1589,44,100.00,4489.76
10331,14,S18_1589,44,100.00,4849.24
10367,1,S18_1589,49,56.30,2758.70
10407,11,S18_1589,59,100.00,7048.14
10131,4,S18_1662,21,100.00,2781.66
10143,7,S18_1662,32,100.00,5248.00
10222,4,S18_1662,49,100.00,6954.08
10250,14,S18_1662,45,100.00,8160.30
10274,1,S18_1662,41,100.00,6724.00
10307,1,S18_1662,39,100.00,7379.97
10400,1,S18_1662,34,100.00,6433.82
10100,3,S18_1749,30,100.00,5151.00
10124,6,S18_1749,21,100.00,2856.00
10149,11,S18_1749,34,100.00,5375.40
10162,9,S18_1749,29,100.00,5176.50
10182,10,S18_1749,44,100.00,7554.80
10204,4,S18_1749,33,100.00,5890.50
10312,17,S18_1749,48,100.00,8078.40
10331,7,S18_1749,44,74.04,3257.76
10367,3,S18_1749,37,100.00,4703.81
10407,2,S18_1749,76,100.00,14082.80
10135,3,S18_1889,48,79.31,3806.88
10147,3,S18_1889,26,82.39,2142.14
10160,4,S18_1889,38,88.55,3364.90
10192,15,S18_1889,45,90.86,4088.70
10278,10,S18_1889,29,90.86,2634.94
10321,14,S18_1889,37,78.54,2905.98
10329,9,S18_1889,29,100.00,2954.81
10109,3,S18_1984,38,100.00,4432.70
10171,1,S18_1984,35,100.00,4680.20
10192,10,S18_1984,47,100.00,7421.30
10204,16,S18_1984,38,100.00,6432.64
10226,7,S18_1984,24,100.00,3892.08
10278,5,S18_1984,29,100.00,3754.05
10321,9,S18_1984,25,100.00,3734.00
10331,8,S18_1984,30,32.47,974.10
10390,15,S18_1984,34,43.05,1463.70
10115,4,S18_2238,46,100.00,7381.16
10127,10,S18_2238,45,100.00,7146.90
10195,5,S18_2238,27,100.00,5128.11
10207,6,S18_2238,44,100.00,7060.24
10219,1,S18_2238,43,100.00,8448.64
10271,4,S18_2238,50,100.00,9169.00
10282,13,S18_2238,23,100.00,3238.63
10292,7,S18_2238,26,100.00,4554.94
10305,4,S18_2238,27,100.00,3934.44
10324,8,S18_2238,47,100.00,7207.45
10349,8,S18_2238,38,100.00,6719.54
10371,7,S18_2238,25,100.00,2602.25
10382,5,S18_2238,25,88.00,2200.00
10100,2,S18_2248,50,67.80,3390.00
10124,5,S18_2248,42,53.88,2262.96
10149,10,S18_2248,24,62.36,1496.64
10162,8,S18_2248,27,69.62,1879.74
10182,9,S18_2248,38,61.15,2323.70
10204,3,S18_2248,23,71.44,1643.12
10312,16,S18_2248,30,61.15,1834.50
10367,4,S18_2248,45,100.00,8884.80
10407,1,S18_2248,42,72.65,3051.30
10127,14,S18_2319,45,100.00,6295.95
10195,9,S18_2319,35,100.00,3608.15
10207,10,S18_2319,43,100.00,5752.54
10229,4,S18_2319,26,100.00,3765.32
10271,8,S18_2319,50,100.00,5093.50
10281,4,S18_2319,48,100.00,5773.44
10292,11,S18_2319,41,100.00,4528.86
10305,8,S18_2319,36,100.00,4816.08
10313,2,S18_2319,29,100.00,3416.78
10324,10,S18_2319,33,37.48,1236.84
10349,7,S18_2319,38,100.00,5223.48
10124,3,S18_2325,42,100.00,4431.84
10149,8,S18_2325,33,100.00,4950.33
10162,6,S18_2325,38,100.00,4299.70
10182,7,S18_2325,20,100.00,2212.00
10204,1,S18_2325,26,100.00,3206.32
10243,2,S18_2325,47,100.00,6154.18
10312,14,S18_2325,31,100.00,4729.36
10322,6,S18_2325,50,100.00,12536.50
10367,5,S18_2325,27,100.00,4196.07
10390,16,S18_2325,31,98.99,3068.69
10140,2,S18_2432,46,61.99,2851.54
10207,13,S18_2432,37,69.89,2585.93
10229,7,S18_2432,28,59.55,1667.40
10271,11,S18_2432,25,69.28,1732.00
10281,7,S18_2432,29,57.73,1674.17
10305,11,S18_2432,41,53.48,2192.68
10313,5,S18_2432,34,52.87,1797.58
10322,11,S18_2432,35,61.21,2142.35
10357,7,S18_2432,41,61.99,2541.59
10381,7,S18_2432,35,48.62,1701.70
10145,14,S18_2581,30,85.32,2559.60
10168,9,S18_2581,21,70.96,1490.16
10235,3,S18_2581,24,76.03,1824.72
10250,4,S18_2581,27,98.84,2668.68
10263,10,S18_2581,33,86.17,2843.61
10308,7,S18_2581,27,82.79,2235.33
10318,9,S18_2581,31,100.00,3116.43
10353,1,S18_2581,27,100.00,3515.67
10401,3,S18_2581,42,76.03,3193.26
10107,6,S18_2625,29,70.87,2055.23
10145,10,S18_2625,30,49.67,1490.10
10159,18,S18_2625,42,51.48,2162.16
10168,5,S18_2625,46,61.18,2814.28
10201,6,S18_2625,30,64.81,1944.30
10236,2,S18_2625,23,55.72,1281.56
10251,6,S18_2625,29,61.18,1774.22
10263,6,S18_2625,34,58.75,1997.50
10285,10,S18_2625,20,49.06,981.20
10308,3,S18_2625,34,52.09,1771.06
10318,5,S18_2625,42,52.70,2213.40
10329,12,S18_2625,38,100.00,5266.04
10362,3,S18_2625,23,49.67,1142.41
10149,5,S18_2795,23,100.00,4230.62
10162,3,S18_2795,48,100.00,7209.12
10182,4,S18_2795,21,100.00,3047.73
10312,11,S18_2795,25,100.00,3881.25
10322,2,S18_2795,36,100.00,5797.44
10367,7,S18_2795,32,94.79,3033.28
10390,7,S18_2795,26,78.11,2030.86
10421,1,S18_2795,35,100.00,5433.75
10109,1,S18_2870,26,100.00,3157.44
10172,7,S18_2870,39,100.00,6023.16
10192,8,S18_2870,38,100.00,4965.84
10204,14,S18_2870,27,100.00,4169.88
10226,5,S18_2870,24,100.00,3231.36
10278,3,S18_2870,39,100.00,4324.32
10321,7,S18_2870,27,100.00,2851.20
10331,10,S18_2870,26,64.90,1687.40
10407,12,S18_2870,41,100.00,6386.16
10163,2,S18_2949,31,100.00,3329.09
10183,9,S18_2949,37,89.15,3298.55
10206,7,S18_2949,37,90.17,3336.29
10215,4,S18_2949,49,100.00,5510.05
10228,3,S18_2949,24,100.00,2504.40
10257,1,S18_2949,50,88.14,4407.00
10312,4,S18_2949,37,100.00,3711.10
10322,12,S18_2949,33,100.00,3524.73
10333,5,S18_2949,31,90.17,2795.27
10357,6,S18_2949,41,87.13,3572.33
10369,1,S18_2949,42,100.00,4581.36
10381,8,S18_2949,41,100.00,4319.76
10111,2,S18_2957,28,64.33,1801.24
10163,4,S18_2957,48,69.96,3358.08
10183,11,S18_2957,39,68.08,2655.12
10206,9,S18_2957,28,67.46,1888.88
10215,6,S18_2957,31,58.71,1820.01
10228,5,S18_2957,45,63.71,2866.95
10257,3,S18_2957,49,53.72,2632.28
10312,6,S18_2957,35,53.72,1880.20
10322,13,S18_2957,41,29.87,1224.67
10357,5,S18_2957,49,70.58,3458.42
10369,6,S18_2957,28,44.21,1237.88
10381,4,S18_2957,40,68.08,2723.20
10130,2,S18_3029,40,96.34,3853.60
10143,13,S18_3029,46,74.84,3442.64
10209,6,S18_3029,28,100.00,2817.92
10222,10,S18_3029,49,94.62,4636.38
10248,1,S18_3029,21,73.98,1553.58
10283,4,S18_3029,21,98.06,2059.26
10307,7,S18_3029,31,83.44,2586.64
10400,7,S18_3029,30,74.84,2245.20
10414,1,S18_3029,44,73.98,3255.12
10111,1,S18_3136,43,100.00,4818.15
10163,3,S18_3136,40,100.00,4900.80
10183,10,S18_3136,22,100.00,2488.20
10206,8,S18_3136,30,100.00,3581.40
10215,5,S18_3136,49,100.00,5285.14
10228,4,S18_3136,31,100.00,3181.53
10257,2,S18_3136,37,84.82,3138.34
10312,5,S18_3136,38,100.00,4457.02
10322,7,S18_3136,48,47.04,2257.92
10357,4,S18_3136,44,100.00,5160.76
10369,5,S18_3136,21,94.22,1978.62
10381,5,S18_3136,35,100.00,4288.20
10142,8,S18_3140,47,100.00,6034.33
10166,2,S18_3140,43,100.00,6930.74
10185,9,S18_3140,28,100.00,3442.04
10196,1,S18_3140,49,100.00,6893.81
10248,12,S18_3140,32,100.00,3802.56
10282,1,S18_3140,43,100.00,6695.53
10396,2,S18_3140,33,100.00,5273.73
10414,12,S18_3140,41,100.00,4872.03
10109,5,S18_3232,46,100.00,8257.00
10127,15,S18_3232,22,100.00,3837.24
10160,1,S18_3232,20,100.00,3996.40
10171,3,S18_3232,39,100.00,5481.45
10192,12,S18_3232,26,100.00,3918.46
10195,10,S18_3232,50,100.00,7620.50
10207,11,S18_3232,25,100.00,3937.25
10229,5,S18_3232,22,100.00,4172.52
10271,9,S18_3232,20,100.00,3928.60
10278,7,S18_3232,42,100.00,6401.22
10281,5,S18_3232,25,100.00,4191.25
10292,12,S18_3232,21,100.00,2844.87
10305,9,S18_3232,37,100.00,7455.87
10313,3,S18_3232,25,100.00,4572.25
10321,11,S18_3232,33,100.00,5700.09
10324,12,S18_3232,27,100.00,3155.49
10331,11,S18_3232,27,100.00,4170.69
10349,6,S18_3232,48,100.00,7396.80
10142,10,S18_3259,22,97.81,2151.82
10185,11,S18_3259,49,80.67,3952.83
10196,3,S18_3259,35,100.00,3564.75
10248,14,S18_3259,42,100.00,5082.42
10282,3,S18_3259,36,100.00,4174.92
10396,4,S18_3259,24,89.75,2154.00
10414,14,S18_3259,48,100.00,5808.48
10135,10,S18_3278,45,78.00,3510.00
10147,10,S18_3278,36,86.04,3097.44
10159,5,S18_3278,21,81.21,1705.41
10276,6,S18_3278,38,69.96,2658.48
10319,1,S18_3278,46,73.98,3403.08
10329,10,S18_3278,38,59.10,2245.80
10390,9,S18_3278,40,100.00,5491.60
10111,4,S18_3320,39,100.00,4178.85
10149,2,S18_3320,42,94.25,3958.50
10163,6,S18_3320,43,100.00,4991.44
10182,1,S18_3320,33,86.31,2848.23
10206,11,S18_3320,28,87.30,2444.40
10215,8,S18_3320,41,100.00,4555.92
10257,5,S18_3320,26,89.29,2321.54
10290,2,S18_3320,26,96.23,2501.98
10312,8,S18_3320,33,100.00,3535.95
10333,2,S18_3320,46,100.00,11336.70
10357,3,S18_3320,25,100.00,2604.25
10369,4,S18_3320,45,73.08,3288.60
10382,7,S18_3320,50,100.00,8935.50
10135,9,S18_3482,42,100.00,5432.70
10147,9,S18_3482,37,100.00,4405.22
10159,4,S18_3482,25,100.00,3638.00
10276,5,S18_3482,30,100.00,3924.60
10390,1,S18_3482,50,100.00,7397.00
10109,2,S18_3685,47,100.00,6241.60
10172,8,S18_3685,48,100.00,5493.12
10192,9,S18_3685,45,100.00,5340.60
10204,15,S18_3685,35,100.00,5735.80
10226,6,S18_3685,46,100.00,7343.90
10278,4,S18_3685,31,100.00,4116.80
10321,8,S18_3685,28,100.00,4232.76
10331,12,S18_3685,26,67.91,1765.66
10367,6,S18_3685,46,100.00,4808.38
10135,13,S18_3782,45,50.36,2266.20
10159,8,S18_3782,21,64.66,1357.86
10237,1,S18_3782,26,52.22,1357.72
10264,3,S18_3782,48,54.71,2626.08
10276,9,S18_3782,33,50.36,1661.88
10319,4,S18_3782,44,59.06,2598.64
10390,2,S18_3782,36,100.00,5079.96
10130,1,S18_3856,33,100.00,3423.75
10143,12,S18_3856,34,100.00,3455.76
10209,5,S18_3856,20,100.00,2498.60
10222,9,S18_3856,45,85.75,3858.75
10249,5,S18_3856,46,100.00,5600.50
10283,3,S18_3856,46,100.00,5795.54
10307,6,S18_3856,48,86.81,4166.88
10127,5,S18_4027,25,100.00,3447.00
10142,15,S18_4027,24,100.00,3791.52
10185,16,S18_4027,39,100.00,5096.91
10196,8,S18_4027,27,100.00,4537.08
10207,1,S18_4027,40,100.00,6146.80
10272,5,S18_4027,25,100.00,3734.00
10282,8,S18_4027,31,100.00,4674.80
10292,2,S18_4027,44,100.00,7140.76
10324,13,S18_4027,49,100.00,5379.71
10337,3,S18_4027,36,100.00,5679.36
10349,5,S18_4027,34,100.00,4394.84
10413,5,S18_4027,49,100.00,6896.75
10100,4,S18_4409,22,86.51,1903.22
10124,7,S18_4409,36,85.59,3081.24
10162,10,S18_4409,39,100.00,3912.09
10182,11,S18_4409,36,100.00,3942.72
10204,5,S18_4409,29,85.59,2482.11
10367,8,S18_4409,43,62.72,2696.96
10407,3,S18_4409,6,90.19,541.14
10142,7,S18_4522,24,70.22,1685.28
10166,1,S18_4522,26,73.73,1916.98
10185,8,S18_4522,47,77.24,3630.28
10248,11,S18_4522,42,75.48,3170.16
10261,9,S18_4522,20,89.53,1790.60
10283,14,S18_4522,34,100.00,3580.88
10337,2,S18_4522,29,100.00,4498.19
10396,5,S18_4522,45,100.00,4739.40
10414,11,S18_4522,16,75.48,1207.68
10140,5,S18_4600,40,100.00,4601.20
10183,2,S18_4600,21,100.00,2441.04
10207,16,S18_4600,47,100.00,6658.02
10229,10,S18_4600,41,100.00,4716.23
10245,3,S18_4600,21,100.00,2390.22
10281,10,S18_4600,25,99.29,2482.25
10305,14,S18_4600,22,99.29,2184.38
10313,8,S18_4600,28,100.00,2881.76
10357,2,S18_4600,28,100.00,3559.64
10382,1,S18_4600,39,100.00,4890.60
10411,3,S18_4600,46,100.00,5235.72
10113,3,S18_4668,50,49.81,2490.50
10140,9,S18_4668,29,43.27,1254.83
10183,6,S18_4668,40,49.30,1972.00
10206,4,S18_4668,21,53.33,1119.93
10215,1,S18_4668,46,45.28,2082.88
10229,14,S18_4668,39,40.25,1569.75
10245,7,S18_4668,45,59.87,2694.15
10281,14,S18_4668,44,59.87,2634.28
10312,1,S18_4668,39,56.85,2217.15
10324,6,S18_4668,38,100.00,6832.02
10333,8,S18_4668,24,79.86,1916.64
10382,2,S18_4668,39,100.00,7827.30
10411,7,S18_4668,35,59.87,2095.45
10135,12,S18_4721,31,100.00,4705.18
10146,1,S18_4721,29,100.00,4444.54
10159,7,S18_4721,32,100.00,4618.88
10264,2,S18_4721,20,100.00,2410.60
10276,8,S18_4721,48,100.00,5713.92
10319,3,S18_4721,45,100.00,7901.10
10390,3,S18_4721,49,100.00,6862.94
10124,8,S18_4933,23,57.73,1327.79
10182,12,S18_4933,44,69.84,3072.96
10204,6,S18_4933,45,76.26,3431.70
10267,1,S18_4933,36,75.55,2719.80
10367,9,S18_4933,44,85.25,3751.00
10407,4,S18_4933,66,66.99,4421.34
10124,12,S24_1046,22,77.90,1713.80
10172,3,S24_1046,32,75.69,2422.08
10182,16,S24_1046,47,74.22,3488.34
10192,4,S24_1046,37,69.82,2583.34
10204,10,S24_1046,20,62.47,1249.40
10226,1,S24_1046,21,60.26,1265.46
10267,5,S24_1046,40,80.10,3204.00
10321,3,S24_1046,30,70.55,2116.50
10367,10,S24_1046,21,60.37,1267.77
10407,8,S24_1046,26,76.43,1987.18
10115,2,S24_1444,47,69.36,3259.92
10127,8,S24_1444,20,60.69,1213.80
10195,3,S24_1444,44,66.47,2924.68
10207,4,S24_1444,49,46.82,2294.18
10271,2,S24_1444,45,64.74,2913.30
10282,11,S24_1444,29,46.82,1357.78
10292,5,S24_1444,40,53.75,2150.00
10305,2,S24_1444,45,61.85,2783.25
10324,14,S24_1444,25,69.16,1729.00
10349,4,S24_1444,48,47.40,2275.20
10371,12,S24_1444,25,97.27,2431.75
10107,3,S24_1578,25,100.00,2845.75
10145,7,S24_1578,43,95.80,4119.40
10159,15,S24_1578,44,100.00,5355.68
10168,2,S24_1578,50,100.00,5747.50
10201,3,S24_1578,39,100.00,4351.23
10237,8,S24_1578,20,100.00,2299.00
10251,3,S24_1578,26,100.00,2637.18
10263,3,S24_1578,42,100.00,4307.52
10285,7,S24_1578,34,100.00,3716.88
10318,2,S24_1578,48,100.00,6437.28
10329,7,S24_1578,30,87.78,2633.40
10362,2,S24_1578,50,96.92,4846.00
10172,5,S24_1628,34,42.76,1453.84
10192,6,S24_1628,47,53.83,2530.01
10204,12,S24_1628,45,49.81,2241.45
10226,3,S24_1628,36,43.27,1557.72
10278,1,S24_1628,35,45.28,1584.80
10321,5,S24_1628,48,42.26,2028.48
10367,11,S24_1628,38,38.50,1463.00
10407,10,S24_1628,64,40.25,2576.00
10145,16,S24_1785,40,87.54,3501.60
10168,11,S24_1785,49,100.00,6433.70
10235,5,S24_1785,23,96.29,2214.67
10250,6,S24_1785,31,88.63,2747.53
10308,9,S24_1785,31,100.00,3493.70
10353,2,S24_1785,28,71.73,2008.44
10401,5,S24_1785,38,96.29,3659.02
10124,2,S24_1937,45,37.84,1702.80
10149,7,S24_1937,36,33.19,1194.84
10162,5,S24_1937,37,27.22,1007.14
10182,6,S24_1937,39,36.84,1436.76
10243,1,S24_1937,33,29.54,974.82
10312,13,S24_1937,39,29.54,1152.06
10322,3,S24_1937,20,100.00,2624.00
10367,13,S24_1937,23,36.29,834.67
10107,7,S24_2000,38,83.03,3155.14
10145,11,S24_2000,47,83.03,3902.41
10168,6,S24_2000,29,75.41,2186.89
10201,7,S24_2000,25,73.88,1847.00
10236,3,S24_2000,36,87.60,3153.60
10250,1,S24_2000,32,87.60,2803.20
10263,7,S24_2000,37,62.46,2311.02
10285,11,S24_2000,39,70.08,2733.12
10308,4,S24_2000,47,63.22,2971.34
10318,6,S24_2000,26,86.83,2257.58
10329,4,S24_2000,37,94.43,3493.91
10142,6,S24_2011,33,100.00,3366.00
10185,7,S24_2011,30,100.00,3170.70
10248,10,S24_2011,48,100.00,6960.48
10261,8,S24_2011,36,100.00,4512.60
10283,13,S24_2011,42,100.00,5316.36
10384,3,S24_2011,28,80.54,2255.12
10396,6,S24_2011,49,100.00,5720.75
10414,10,S24_2011,23,100.00,3335.23
10124,1,S24_2022,22,45.25,995.50
10149,6,S24_2022,49,49.28,2414.72
10162,4,S24_2022,43,36.29,1560.47
10182,5,S24_2022,31,36.74,1138.94
10312,12,S24_2022,23,37.63,865.49
10322,4,S24_2022,30,100.00,3500.10
10367,12,S24_2022,28,30.59,856.52
10421,2,S24_2022,40,45.70,1828.00
10140,1,S24_2300,47,100.00,5105.14
10207,12,S24_2300,46,100.00,6819.04
10229,6,S24_2300,48,100.00,5704.32
10271,10,S24_2300,43,100.00,5605.05
10281,6,S24_2300,25,100.00,2779.50
10305,10,S24_2300,24,100.00,3189.60
10313,4,S24_2300,42,100.00,5581.80
10324,2,S24_2300,31,100.00,3820.44
10371,5,S24_2300,20,100.00,3449.40
10382,3,S24_2300,20,100.00,2654.40
10135,16,S24_2360,29,61.64,1787.56
10145,3,S24_2360,27,60.95,1645.65
10159,11,S24_2360,27,80.34,2169.18
10237,4,S24_2360,26,79.65,2070.90
10264,6,S24_2360,37,65.10,2408.70
10276,12,S24_2360,46,75.49,3472.54
10285,3,S24_2360,38,59.56,2263.28
10319,7,S24_2360,31,81.73,2533.63
10390,4,S24_2360,35,65.13,2279.55
10124,10,S24_2766,32,72.70,2326.40
10172,1,S24_2766,22,74.51,1639.22
10182,14,S24_2766,36,73.60,2649.60
10192,2,S24_2766,46,83.60,3845.60
10204,8,S24_2766,47,96.32,4527.04
10267,3,S24_2766,38,87.24,3315.12
10321,1,S24_2766,30,72.70,2181.00
10346,1,S24_2766,25,100.00,2876.75
10368,2,S24_2766,40,100.00,4107.20
10407,6,S24_2766,76,94.50,7182.00
10127,12,S24_2840,39,38.19,1489.41
10195,7,S24_2840,32,28.29,905.28
10207,8,S24_2840,42,29.70,1247.40
10219,3,S24_2840,21,40.31,846.51
10229,2,S24_2840,33,32.88,1085.04
10271,6,S24_2840,38,41.72,1585.36
10281,2,S24_2840,20,40.66,813.20
10292,9,S24_2840,39,30.06,1172.34
10305,6,S24_2840,48,31.47,1510.56
10324,9,S24_2840,30,100.00,3338.10
10335,2,S24_2840,33,37.13,1225.29
10349,3,S24_2840,36,37.13,1336.68
10371,8,S24_2840,45,100.00,5545.80
10131,5,S24_2841,35,67.14,2349.90
10143,8,S24_2841,27,60.97,1646.19
10209,1,S24_2841,43,82.21,3535.03
10222,5,S24_2841,32,81.53,2608.96
10249,1,S24_2841,20,67.82,1356.40
10274,2,S24_2841,40,65.08,2603.20
10307,2,S24_2841,25,75.36,1884.00
10400,2,S24_2841,24,61.66,1479.84
10124,9,S24_2887,25,93.95,2348.75
10182,13,S24_2887,20,100.00,2395.80
10192,1,S24_2887,23,100.00,3052.33
10204,7,S24_2887,42,100.00,4242.00
10267,2,S24_2887,43,100.00,4645.72
10346,5,S24_2887,24,87.24,2093.76
10368,5,S24_2887,31,100.00,4223.13
10407,5,S24_2887,59,98.65,5820.35
10109,6,S24_2972,29,32.10,930.90
10135,1,S24_2972,20,35.87,717.40
10147,1,S24_2972,25,42.67,1066.75
10160,2,S24_2972,42,37.00,1554.00
10171,4,S24_2972,36,35.49,1277.64
10192,13,S24_2972,30,30.59,917.70
10278,8,S24_2972,31,38.89,1205.59
10321,12,S24_2972,37,33.23,1229.51
10331,13,S24_2972,27,42.24,1140.48
10367,2,S24_2972,36,100.00,5018.40
10390,5,S24_2972,37,100.00,4894.73
10142,1,S24_3151,49,98.25,4814.25
10154,2,S24_3151,31,91.17,2826.27
10185,2,S24_3151,33,74.35,2453.55
10222,14,S24_3151,47,70.81,3328.07
10233,2,S24_3151,40,94.71,3788.40
10248,5,S24_3151,30,100.00,3053.70
10261,3,S24_3151,22,91.17,2005.74
10283,8,S24_3151,34,92.94,3159.96
10295,3,S24_3151,46,84.97,3908.62
10384,2,S24_3151,43,97.87,4208.41
10396,7,S24_3151,27,83.20,2246.40
10414,5,S24_3151,60,100.00,6107.40
10124,11,S24_3191,49,83.04,4068.96
10172,2,S24_3191,24,81.33,1951.92
10182,15,S24_3191,33,94.17,3107.61
10192,3,S24_3191,32,72.77,2328.64
10204,9,S24_3191,40,79.62,3184.80
10267,4,S24_3191,44,96.74,4256.56
10321,2,S24_3191,39,84.75,3305.25
10346,2,S24_3191,24,100.00,3325.92
10368,1,S24_3191,46,79.62,3662.52
10407,7,S24_3191,13,81.33,1057.29
10135,6,S24_3371,27,66.13,1785.51
10147,6,S24_3371,30,68.58,2057.40
10159,1,S24_3371,50,69.80,3490.00
10276,2,S24_3371,20,61.23,1224.60
10331,9,S24_3371,25,100.00,3078.50
10390,6,S24_3371,46,52.84,2430.64
10131,6,S24_3420,29,59.18,1716.22
10143,9,S24_3420,33,77.59,2560.47
10209,2,S24_3420,36,77.59,2793.24
10222,6,S24_3420,43,70.35,3025.05
10249,2,S24_3420,25,69.70,1742.50
10274,3,S24_3420,24,72.33,1735.92
10307,3,S24_3420,22,71.67,1576.74
10400,3,S24_3420,38,57.20,2173.60
10124,13,S24_3432,43,100.00,5203.00
10172,4,S24_3432,22,98.51,2167.22
10182,17,S24_3432,49,100.00,6244.07
10192,5,S24_3432,46,100.00,5566.00
10204,11,S24_3432,48,91.02,4368.96
10226,2,S24_3432,48,92.09,4420.32
10267,6,S24_3432,43,100.00,5110.98
10321,4,S24_3432,21,89.95,1888.95
10346,6,S24_3432,26,95.88,2492.88
10368,4,S24_3432,20,99.58,1991.60
10407,9,S24_3432,43,86.73,3729.39
10143,14,S24_3816,23,80.51,1851.73
10209,7,S24_3816,22,89.73,1974.06
10222,11,S24_3816,46,80.51,3703.46
10248,2,S24_3816,23,76.31,1755.13
10283,5,S24_3816,33,72.96,2407.68
10307,8,S24_3816,22,91.41,2011.02
10385,2,S24_3816,37,85.54,3164.98
10396,8,S24_3816,37,90.57,3351.09
10400,8,S24_3816,42,72.96,3064.32
10414,2,S24_3816,51,76.31,3891.81
10135,2,S24_3856,47,100.00,6336.07
10147,2,S24_3856,23,100.00,2906.97
10160,3,S24_3856,35,100.00,4767.70
10192,14,S24_3856,45,100.00,6319.35
10278,9,S24_3856,25,100.00,3159.75
10321,13,S24_3856,26,100.00,4052.88
10331,1,S24_3856,21,100.00,3135.93
10390,8,S24_3856,45,100.00,6763.05
10131,3,S24_3949,50,81.89,4094.50
10143,6,S24_3949,28,66.19,1853.32
10168,18,S24_3949,27,73.02,1971.54
10222,3,S24_3949,48,56.64,2718.72
10235,12,S24_3949,33,60.05,1981.65
10250,13,S24_3949,40,75.06,3002.40
10308,16,S24_3949,43,76.43,3286.49
10401,12,S24_3949,64,60.05,3843.20
10100,1,S24_3969,49,34.47,1689.03
10124,4,S24_3969,46,33.23,1528.58
10149,9,S24_3969,26,38.98,1013.48
10162,7,S24_3969,37,38.98,1442.26
10182,8,S24_3969,23,42.26,971.98
10204,2,S24_3969,39,33.23,1295.97
10242,1,S24_3969,46,36.93,1698.78
10312,15,S24_3969,31,35.29,1093.99
10346,4,S24_3969,22,97.44,2143.68
10368,3,S24_3969,46,37.34,1717.64
10115,1,S24_4048,44,100.00,5568.64
10127,7,S24_4048,20,96.99,1939.80
10195,2,S24_4048,34,100.00,3699.88
10207,3,S24_4048,28,100.00,2980.60
10271,1,S24_4048,22,100.00,3070.54
10282,10,S24_4048,39,100.00,4797.39
10292,4,S24_4048,27,100.00,3832.38
10305,1,S24_4048,36,100.00,4641.48
10349,2,S24_4048,23,100.00,3182.97
10371,9,S24_4048,28,50.32,1408.96
10111,3,S24_4258,26,86.68,2253.68
10149,1,S24_4258,20,90.57,1811.40
10163,5,S24_4258,42,91.55,3845.10
10183,12,S24_4258,47,100.00,5035.11
10206,10,S24_4258,33,97.39,3213.87
10215,7,S24_4258,39,90.57,3532.23
10228,6,S24_4258,33,100.00,3406.59
10257,4,S24_4258,46,78.89,3628.94
10290,1,S24_4258,45,100.00,5171.40
10312,7,S24_4258,44,100.00,4884.88
10324,3,S24_4258,33,100.00,6267.69
10333,1,S24_4258,39,100.00,4424.16
10369,3,S24_4258,40,86.92,3476.80
10382,4,S24_4258,33,100.00,4592.61
10145,15,S24_4278,33,84.77,2797.41
10168,10,S24_4278,48,78.25,3756.00
10235,4,S24_4278,40,81.14,3245.60
10250,5,S24_4278,37,74.62,2760.94
10263,11,S24_4278,24,75.35,1808.40
10308,8,S24_4278,44,83.32,3666.08
10317,1,S24_4278,35,83.32,2916.20
10353,3,S24_4278,35,89.90,3146.50
10401,4,S24_4278,52,81.14,4219.28
10135,11,S24_4620,23,87.31,2008.13
10147,11,S24_4620,31,64.67,2004.77
10159,6,S24_4620,23,67.10,1543.30
10264,1,S24_4620,47,83.27,3913.69
10276,7,S24_4620,48,75.18,3608.64
10319,2,S24_4620,43,85.69,3684.67
10331,2,S24_4620,41,100.00,5715.40
10390,10,S24_4620,30,82.42,2472.60
10140,3,S32_1268,26,100.00,2829.58
10207,14,S32_1268,49,80.90,3964.10
10229,8,S32_1268,25,100.00,2793.00
10245,1,S32_1268,37,100.00,4133.64
10281,8,S32_1268,29,82.83,2402.07
10305,12,S32_1268,28,100.00,3155.04
10313,6,S32_1268,27,87.64,2366.28
10324,11,S32_1268,20,98.18,1963.60
10335,1,S32_1268,44,100.00,4746.28
10371,1,S32_1268,26,100.00,4044.04
10382,6,S32_1268,26,100.00,2708.42
10411,1,S32_1268,26,100.00,2904.72
10107,8,S32_1374,20,92.90,1858.00
10145,12,S32_1374,33,93.90,3098.70
10168,7,S32_1374,28,100.00,3244.36
10235,1,S32_1374,41,100.00,4177.49
10250,2,S32_1374,31,100.00,3282.28
10263,8,S32_1374,31,79.91,2477.21
10285,12,S32_1374,37,98.89,3658.93
10308,5,S32_1374,24,79.91,1917.84
10318,7,S32_1374,47,100.00,5305.36
10329,11,S32_1374,45,63.91,2875.95
10353,5,S32_1374,46,81.17,3733.82
10401,1,S32_1374,49,100.00,4992.61
10135,14,S32_2206,33,40.23,1327.59
10145,1,S32_2206,31,35.80,1109.80
10159,9,S32_2206,35,35.40,1239.00
10237,2,S32_2206,26,40.23,1045.98
10264,4,S32_2206,20,32.59,651.80
10276,10,S32_2206,27,36.61,988.47
10285,1,S32_2206,37,41.03,1518.11
10319,5,S32_2206,29,38.22,1108.38
10331,3,S32_2206,28,100.00,4102.56
10390,11,S32_2206,41,44.56,1826.96
10127,13,S32_2509,45,51.95,2337.75
10195,8,S32_2509,32,43.29,1385.28
10207,9,S32_2509,27,60.06,1621.62
10219,4,S32_2509,35,55.19,1931.65
10229,3,S32_2509,23,54.11,1244.53
10271,7,S32_2509,35,47.62,1666.70
10281,3,S32_2509,31,55.19,1710.89
10292,10,S32_2509,50,46.53,2326.50
10305,7,S32_2509,40,57.90,2316.00
10313,1,S32_2509,38,45.45,1727.10
10335,3,S32_2509,40,60.60,2424.00
10349,1,S32_2509,33,46.53,1535.49
10371,2,S32_2509,20,66.47,1329.40
10127,6,S32_3207,29,70.84,2054.36
10142,16,S32_3207,42,74.57,3131.94
10195,1,S32_3207,33,54.68,1804.44
10207,2,S32_3207,45,56.55,2544.75
10272,6,S32_3207,45,64.63,2908.35
10282,9,S32_3207,36,59.65,2147.40
10292,3,S32_3207,31,67.73,2099.63
10371,11,S32_3207,30,99.55,2986.50
10413,6,S32_3207,24,49.71,1193.04
10113,1,S32_3522,23,68.52,1575.96
10140,7,S32_3522,28,60.76,1701.28
10183,4,S32_3522,49,64.64,3167.36
10206,2,S32_3522,36,58.82,2117.52
10229,12,S32_3522,30,73.04,2191.20
10245,5,S32_3522,44,69.16,3043.04
10281,12,S32_3522,36,77.57,2792.52
10313,10,S32_3522,34,56.24,1912.16
10324,4,S32_3522,48,100.00,8209.44
10333,4,S32_3522,33,73.69,2431.77
10382,8,S32_3522,48,100.00,6799.68
10411,5,S32_3522,27,69.16,1867.32
10168,12,S32_4289,31,73.61,2281.91
10235,6,S32_4289,34,77.73,2642.82
10250,7,S32_4289,50,61.22,3061.00
10308,10,S32_4289,46,66.04,3037.84
10353,7,S32_4289,40,44.51,1780.40
10388,8,S32_4289,35,100.00,3918.95
10401,6,S32_4289,62,77.73,4819.26
10135,17,S32_4485,30,89.80,2694.00
10145,4,S32_4485,27,100.00,3251.34
10159,12,S32_4485,23,100.00,2347.15
10237,5,S32_4485,27,100.00,3113.64
10264,7,S32_4485,34,97.97,3330.98
10276,13,S32_4485,38,100.00,4304.64
10285,4,S32_4485,26,100.00,2600.26
10319,8,S32_4485,22,100.00,2626.80
10331,4,S32_4485,32,100.00,5026.56
10365,3,S32_4485,22,100.00,3425.18
10390,12,S32_4485,45,48.98,2204.10
10143,1,S50_1341,34,36.66,1246.44
10168,13,S50_1341,48,51.93,2492.64
10199,1,S50_1341,29,38.40,1113.60
10235,7,S50_1341,41,35.35,1449.35
10250,8,S50_1341,36,51.93,1869.48
10308,11,S50_1341,47,43.64,2051.08
10353,8,S50_1341,40,82.21,3288.40
10388,1,S50_1341,27,100.00,3211.38
10401,7,S50_1341,56,35.35,1979.60
10115,3,S50_1392,27,100.00,2843.91
10127,9,S50_1392,46,100.00,6176.42
10195,4,S50_1392,49,100.00,5161.17
10207,5,S50_1392,28,94.92,2657.76
10271,3,S50_1392,34,98.39,3345.26
10282,12,S50_1392,38,100.00,4310.72
10292,6,S50_1392,41,100.00,4983.14
10305,3,S50_1392,42,100.00,4618.32
10371,10,S50_1392,48,56.55,2714.40
10127,4,S50_1514,46,69.12,3179.52
10142,14,S50_1514,42,49.79,2091.18
10185,15,S50_1514,20,48.62,972.40
10196,7,S50_1514,46,62.09,2856.14
10272,4,S50_1514,43,56.82,2443.26
10282,7,S50_1514,37,66.78,2470.86
10292,1,S50_1514,35,55.07,1927.45
10337,6,S50_1514,21,100.00,2296.77
10413,4,S50_1514,51,63.85,3256.35
10135,15,S50_4713,44,96.00,4224.00
10145,2,S50_4713,38,81.36,3091.68
10159,10,S50_4713,31,71.60,2219.60
10237,3,S50_4713,20,68.34,1366.80
10264,5,S50_4713,47,89.50,4206.50
10276,11,S50_4713,21,70.78,1486.38
10285,2,S50_4713,39,78.92,3077.88
10319,6,S50_4713,45,77.29,3478.05
10331,5,S50_4713,20,100.00,3657.80
10365,2,S50_4713,44,100.00,4984.32
10390,13,S50_4713,22,100.00,3491.18
10142,2,S700_1138,41,64.00,2624.00
10185,3,S700_1138,21,54.00,1134.00
10222,15,S700_1138,31,62.67,1942.77
10233,3,S700_1138,36,70.67,2544.12
10248,6,S700_1138,36,71.34,2568.24
10261,4,S700_1138,34,62.00,2108.00
10283,9,S700_1138,45,78.67,3540.15
10295,4,S700_1138,26,75.34,1958.84
10385,1,S700_1138,25,77.34,1933.50
10396,1,S700_1138,39,66.67,2600.13
10414,6,S700_1138,37,71.34,2639.58
10143,2,S700_1691,36,100.00,3945.96
10168,14,S700_1691,28,98.65,2762.20
10199,2,S700_1691,48,83.12,3989.76
10235,8,S700_1691,25,100.00,2580.25
10250,9,S700_1691,31,91.34,2831.54
10308,12,S700_1691,21,100.00,2224.95
10388,2,S700_1691,46,100.00,10066.60
10401,8,S700_1691,11,100.00,1135.31
10142,9,S700_1938,43,84.01,3612.43
10166,3,S700_1938,29,100.00,3013.97
10185,10,S700_1938,30,94.40,2832.00
10196,2,S700_1938,50,94.40,4720.00
10248,13,S700_1938,40,100.00,4157.20
10282,2,S700_1938,43,86.61,3724.23
10337,9,S700_1938,36,70.30,2530.80
10384,1,S700_1938,49,100.00,6397.44
10414,13,S700_1938,34,100.00,3533.62
10131,8,S700_2047,22,85.99,1891.78
10143,11,S700_2047,26,100.00,2612.48
10209,4,S700_2047,33,88.71,2927.43
10222,8,S700_2047,26,100.00,2659.54
10249,4,S700_2047,40,95.95,3838.00
10274,5,S700_2047,24,90.52,2172.48
10283,2,S700_2047,20,94.14,1882.80
10307,5,S700_2047,34,97.76,3323.84
10352,3,S700_2047,23,100.00,2352.67
10400,5,S700_2047,46,87.80,4038.80
10131,1,S700_2466,40,100.00,4427.60
10143,4,S700_2466,26,82.77,2152.02
10168,16,S700_2466,31,100.00,3431.39
10222,1,S700_2466,37,87.75,3246.75
10235,10,S700_2466,38,88.75,3372.50
10250,11,S700_2466,35,100.00,3909.15
10308,14,S700_2466,35,88.75,3106.25
10352,2,S700_2466,49,100.00,4935.28
10401,10,S700_2466,85,88.75,7543.75
10143,16,S700_2610,31,85.29,2643.99
10185,1,S700_2610,39,57.82,2254.98
10222,13,S700_2610,36,80.95,2914.20
10233,1,S700_2610,29,82.40,2389.60
10248,4,S700_2610,32,75.89,2428.48
10261,2,S700_2610,44,68.67,3021.48
10283,7,S700_2610,47,65.77,3091.19
10295,2,S700_2610,44,58.55,2576.20
10414,4,S700_2610,31,75.89,2352.59
10140,6,S700_2824,36,100.00,4114.80
10183,3,S700_2824,23,86.99,2000.77
10206,1,S700_2824,33,100.00,3871.89
10229,11,S700_2824,50,100.00,5614.00
10245,4,S700_2824,44,100.00,4628.80
10281,11,S700_2824,27,85.98,2321.46
10313,9,S700_2824,30,99.13,2973.90
10324,5,S700_2824,34,100.00,4248.30
10371,3,S700_2824,34,100.00,4301.34
10382,9,S700_2824,34,54.84,1864.56
10411,4,S700_2824,34,100.00,3576.80
10145,13,S700_2834,20,100.00,2752.60
10168,8,S700_2834,36,100.00,4527.72
10235,2,S700_2834,25,96.11,2402.75
10250,3,S700_2834,44,100.00,6055.72
10263,9,S700_2834,47,100.00,5465.16
10285,13,S700_2834,45,100.00,5392.80
10308,6,S700_2834,31,100.00,4009.23
10318,8,S700_2834,50,100.00,7119.00
10353,4,S700_2834,48,68.80,3302.40
10388,3,S700_2834,50,100.00,7154.50
10401,2,S700_2834,21,96.11,2018.31
10143,3,S700_3167,28,96.00,2688.00
10168,15,S700_3167,48,96.00,4608.00
10199,3,S700_3167,38,82.40,3131.20
10235,9,S700_3167,32,92.00,2944.00
10250,10,S700_3167,44,67.20,2956.80
10308,13,S700_3167,21,87.20,1831.20
10353,6,S700_3167,43,81.95,3523.85
10401,9,S700_3167,77,92.00,7084.00
10142,3,S700_3505,21,100.00,2334.99
10185,4,S700_3505,37,100.00,3891.66
10222,16,S700_3505,38,100.00,4187.22
10248,7,S700_3505,30,100.00,3245.40
10261,5,S700_3505,25,88.15,2203.75
10283,10,S700_3505,22,88.15,1939.30
10295,5,S700_3505,34,100.00,3473.78
10337,1,S700_3505,31,89.38,2770.78
10414,7,S700_3505,28,100.00,3029.04
10142,4,S700_3962,38,85.41,3245.58
10185,5,S700_3962,22,79.45,1747.90
10222,17,S700_3962,31,95.34,2955.54
10248,8,S700_3962,35,90.37,3162.95
10261,6,S700_3962,50,81.43,4071.50
10283,11,S700_3962,38,89.38,3396.44
10294,1,S700_3962,45,100.00,4692.60
10337,7,S700_3962,36,71.89,2588.04
10414,8,S700_3962,27,90.37,2439.99
10131,2,S700_4002,26,85.13,2213.38
10143,5,S700_4002,34,85.87,2919.58
10168,17,S700_4002,39,82.91,3233.49
10222,2,S700_4002,43,74.03,3183.29
10235,11,S700_4002,34,72.55,2466.70
10250,12,S700_4002,38,62.19,2363.22
10308,15,S700_4002,39,68.11,2656.29
10352,1,S700_4002,22,75.51,1661.22
10401,11,S700_4002,28,72.55,2031.40
10131,7,S72_1253,21,41.71,875.91
10143,10,S72_1253,37,50.65,1874.05
10209,3,S72_1253,48,44.69,2145.12
10222,7,S72_1253,31,45.69,1416.39
10249,3,S72_1253,32,57.61,1843.52
10274,4,S72_1253,32,58.60,1875.20
10283,1,S72_1253,43,57.61,2477.23
10307,4,S72_1253,34,53.63,1823.42
10329,8,S72_1253,44,86.13,3789.72
10352,4,S72_1253,49,52.64,2579.36
10400,4,S72_1253,20,56.12,1122.40
10142,5,S72_3212,39,44.23,1724.97
10185,6,S72_3212,28,64.43,1804.04
10222,18,S72_3212,36,63.34,2280.24
10248,9,S72_3212,23,65.52,1506.96
10261,7,S72_3212,29,50.78,1472.62
10283,12,S72_3212,33,51.32,1693.56
10337,5,S72_3212,42,97.16,4080.72
10414,9,S72_3212,47,65.52,3079.44
